scope,subsample,rep,n,h_lin_knee,f_lin_knee,h_log_knee,f_log_knee,h_lin_curv,f_lin_curv,h_ftarget,f_at_0.015,f_at_hmax,h_max_search
BCC_alloys,0.25,0,6682,0.1364166688243384,0.3102057139441581,0.0183262061853981,0.9485884454511312,0.10761440360090016,0.37457238155640626,0.1535145314878924,0.9791960472499133,0.0462759694771404,0.5
BCC_alloys,0.25,1,6682,0.1364166688243384,0.309777786351824,0.0183262061853981,0.9495153397232472,0.10761440360090016,0.37410046729250696,0.1535145314878924,0.9796237185611837,0.0462231299767123,0.5
BCC_alloys,0.25,2,6682,0.1364166688243384,0.3098709405270929,0.0183262061853981,0.9490457864245592,0.10761440360090016,0.37396635155478664,0.1535145314878924,0.9797107373830227,0.0464177377411914,0.5
BCC_alloys,0.5,0,13365,0.1364166688243384,0.2876380897309399,0.0162851032782989,0.9527528798662526,0.10625281320330077,0.3510611201423368,0.1364166688243384,0.9670785615561756,0.0427746176522869,0.5
BCC_alloys,0.5,1,13365,0.1364166688243384,0.2875514829350661,0.0162851032782989,0.9526602242231192,0.10625281320330077,0.35093662421568866,0.1364166688243384,0.9670042762899214,0.0427971319489232,0.5
BCC_alloys,0.5,2,13365,0.1212231008541164,0.3169123085561335,0.0162851032782989,0.9529533210916528,0.10625281320330077,0.3508050813317425,0.1364166688243384,0.9673243030267972,0.0429065610165372,0.5
BCC_alloys,0.75,0,20048,0.1212231008541164,0.3041732211008766,0.0162851032782989,0.9410538820290748,0.0049999999999999,0.9999514080563572,0.1364166688243384,0.9583137449850806,0.0412444551697968,0.5
BCC_alloys,0.75,1,20048,0.1212231008541164,0.3043385904718959,0.0162851032782989,0.9407160254723914,0.0049999999999999,0.9999425011585912,0.1364166688243384,0.9579896819709824,0.0412091380657396,0.5
BCC_alloys,0.75,2,20048,0.1212231008541164,0.3042780576824302,0.0162851032782989,0.940323793832066,0.0049999999999999,0.9999500601255626,0.1364166688243384,0.9576725216878813,0.0411917865477596,0.5
BCC_alloys,1.0,0,26730,0.1212231008541164,0.2958564244639463,0.0144713306235837,0.9585852837031912,0.0049999999999999,0.9999480609321072,0.1212231008541164,0.9505687283537071,0.0400829344120329,0.5
BCC_distorted,0.25,0,100,0.1727553647296109,0.6027996725090417,0.0471334227558942,0.9051737850908096,0.0049999999999999,0.9548454998945272,0.5,0.9540536380372503,0.2999819620088287,0.5
BCC_distorted,0.25,1,100,0.1727553647296109,0.5812648894284,0.0471334227558942,0.9028231194835588,0.007599399849962392,0.9548455006503749,0.5,0.9548275357843281,0.2841236071087623,0.5
BCC_distorted,0.25,2,100,0.1727553647296109,0.57656018780697,0.0418838820034145,0.901484935619718,0.2051537884471117,0.5385269825192945,0.5,0.9503370525266048,0.2772125449890285,0.5
BCC_distorted,0.5,0,200,0.1535145314878924,0.5391985776567563,0.0372190150662584,0.8909666750746793,0.18807201800450107,0.49469089585108544,0.4443119081371701,0.933661968733859,0.2429442169879787,0.5
BCC_distorted,0.5,1,200,0.1727553647296109,0.5238381464127596,0.0418838820034145,0.8769464730442385,0.1857201800450112,0.5083075340195795,0.4443119081371701,0.9324078650926932,0.2430701648145339,0.5
BCC_distorted,0.5,2,200,0.1727553647296109,0.5304409055340431,0.0418838820034145,0.8905283497479688,0.18757689422355586,0.5122836142446486,0.4443119081371701,0.9432686726336754,0.2519076823218755,0.5
BCC_distorted,0.75,0,300,0.1535145314878924,0.5193049751586475,0.0372190150662584,0.8691840049468714,0.5,0.2315534901642416,0.4443119081371701,0.9087150439132993,0.2315534901642416,0.5
BCC_distorted,0.75,1,300,0.1535145314878924,0.5124754253394181,0.0372190150662584,0.8690216416934209,0.5,0.2313902647616001,0.4443119081371701,0.910361963353076,0.2313902647616001,0.5
BCC_distorted,0.75,2,300,0.1535145314878924,0.5145362570002616,0.0372190150662584,0.8635223669350973,0.1844823705926481,0.47524929397254934,0.3948261434249862,0.9053674307403936,0.2275377891150026,0.5
BCC_distorted,1.0,0,400,0.1535145314878924,0.4949774026301303,0.0372190150662584,0.8419000576621123,0.18596774193548382,0.4549915736446793,0.3948261434249862,0.883702675842667,0.2215593681550226,0.5
HEA_interstitial,0.25,0,1834,0.1535145314878924,0.2302253206450712,0.0183262061853981,0.8977791444639999,0.11937359339834952,0.30590414767201374,0.1364166688243384,0.9347615775111526,0.0298633093841626,0.5
HEA_interstitial,0.25,1,1834,0.1535145314878924,0.2335436373472803,0.0183262061853981,0.8996047239195065,0.12271567891972987,0.3015930406286785,0.1364166688243384,0.9361860308522304,0.0303930364881942,0.5
HEA_interstitial,0.25,2,1834,0.1535145314878924,0.2325300956962335,0.0183262061853981,0.8928613183432831,0.11825956489122275,0.31092661681203176,0.1364166688243384,0.9312772519492852,0.0303869949375135,0.5
HEA_interstitial,0.5,0,3668,0.1364166688243384,0.2459831187909124,0.0162851032782989,0.8921665172086575,0.11157539384846205,0.301668657090891,0.1212231008541164,0.9096360805903628,0.0280868038058469,0.5
HEA_interstitial,0.5,1,3668,0.1364166688243384,0.2433650545867886,0.0144713306235837,0.9147175149408816,0.11009002250562633,0.3028313985395776,0.1212231008541164,0.9073233665246737,0.0274461353364553,0.5
HEA_interstitial,0.5,2,3668,0.1364166688243384,0.2448747226223488,0.0144713306235837,0.9161884282415216,0.10984246061515371,0.30447178256638113,0.1212231008541164,0.908797220848498,0.0278846241381709,0.5
HEA_interstitial,0.75,0,5502,0.1364166688243384,0.2341128611752845,0.0144713306235837,0.903822096520499,0.10724306076519124,0.297454888783819,0.1077217345015941,0.8959190863248576,0.0265719254215153,0.5
HEA_interstitial,0.75,1,5502,0.1364166688243384,0.2341345155603261,0.0144713306235837,0.9013638080173024,0.1069954988747186,0.2979251520063141,0.1077217345015941,0.8933653941747001,0.0266276339506712,0.5
HEA_interstitial,0.75,2,5502,0.1364166688243384,0.2336318793962538,0.0144713306235837,0.9011564457839752,0.1093473368342085,0.2920468394328398,0.1077217345015941,0.8932411838011931,0.0265045466321208,0.5
HEA_interstitial,1.0,0,7336,0.1364166688243384,0.2261951435948171,0.0128595690452967,0.9164479515332666,0.10662415603900968,0.2890665063083764,0.1077217345015941,0.8822954764358569,0.0256632091272781,0.5
HEA_short_range,0.25,0,1100,0.1727553647296109,0.233063753432746,0.0293900803613745,0.7498960567456691,0.49628657164291073,0.03754363419261789,0.1535145314878924,0.8549866936707492,0.0369236077217063,0.5
HEA_short_range,0.25,1,1100,0.1727553647296109,0.2318418159884319,0.0293900803613745,0.7476178900775505,0.49863840960240063,0.03689497105031094,0.1535145314878924,0.8514527879680368,0.0366688666993662,0.5
HEA_short_range,0.25,2,1100,0.1727553647296109,0.2316700215157816,0.0293900803613745,0.7580391508171285,0.4972768192048012,0.03709605076358209,0.1535145314878924,0.8620073265058625,0.036645055131242,0.5
HEA_short_range,0.5,0,2200,0.1535145314878924,0.2454448726226368,0.0293900803613745,0.7000522922838791,0.49616279069767444,0.03381682588735226,0.1364166688243384,0.8135849546036248,0.0332397351901924,0.5
HEA_short_range,0.5,1,2200,0.1535145314878924,0.2439209677130717,0.0293900803613745,0.7001663387781594,0.49851462865716434,0.0331776364263187,0.1364166688243384,0.8114871358132763,0.0329562778676036,0.5
HEA_short_range,0.5,2,2200,0.1535145314878924,0.2415093846796321,0.0293900803613745,0.6994271871891015,0.49814328582145545,0.03260163078504621,0.1364166688243384,0.8108133838549422,0.0323293647681473,0.5
HEA_short_range,0.75,0,3300,0.1535145314878924,0.2321161204760974,0.0293900803613745,0.6751798212800824,0.4980195048762191,0.031533569894695086,0.1212231008541164,0.7889031158195723,0.0312531909320499,0.5
HEA_short_range,0.75,1,3300,0.1535145314878924,0.2348557553545559,0.0293900803613745,0.6776562840831392,0.49851462865716434,0.0319889678587564,0.1364166688243384,0.7906445109411917,0.031775413336515,0.5
HEA_short_range,0.75,2,3300,0.1535145314878924,0.2334444644468927,0.0293900803613745,0.6762020103155406,0.498390847711928,0.03168118795710322,0.1364166688243384,0.7899446628116127,0.0314518344098784,0.5
HEA_short_range,1.0,0,4400,0.1535145314878924,0.2246386377203977,0.0293900803613745,0.6566934659631849,0.5,0.0302093609771841,0.1212231008541164,0.7710700008713922,0.0302093609771841,0.5
HEA_small,0.25,0,1080,0.1727553647296109,0.2627440908488748,0.0261167253713342,0.9226202098916404,0.5,0.0434433629608044,0.1727553647296109,0.9910610617703178,0.0434433629608044,0.5
HEA_small,0.25,1,1080,0.1727553647296109,0.2633534340248529,0.0261167253713342,0.927439502368996,0.5,0.0435371725103904,0.1727553647296109,0.9921766378943462,0.0435371725103904,0.5
HEA_small,0.25,2,1080,0.1727553647296109,0.2639583416653587,0.0261167253713342,0.9280141039087604,0.5,0.0440077838852535,0.1727553647296109,0.9931860384991145,0.0440077838852535,0.5
HEA_small,0.5,0,2160,0.1535145314878924,0.2761188836149046,0.0206231319145067,0.9483909912232305,0.12085896474118524,0.35185026769234673,0.1535145314878924,0.9864199635882385,0.0396147874357225,0.5
HEA_small,0.5,1,2160,0.1535145314878924,0.2773741177240376,0.0206231319145067,0.947497597565771,0.12345836459114773,0.3470510061161759,0.1535145314878924,0.985854103006751,0.0399602067676386,0.5
HEA_small,0.5,2,2160,0.1535145314878924,0.2776898046517639,0.0232079441680638,0.9246816636288742,0.12271567891972987,0.34893529997878187,0.1535145314878924,0.9868280922477353,0.0399992965373214,0.5
HEA_small,0.75,0,3240,0.1535145314878924,0.2640726645797888,0.0206231319145067,0.9340478303627068,0.11293698424606147,0.358130219905274,0.1364166688243384,0.9812696162914286,0.0380203882237088,0.5
HEA_small,0.75,1,3240,0.1535145314878924,0.2636589616432888,0.0206231319145067,0.9358227536747886,0.11306076519129776,0.3570099525412638,0.1364166688243384,0.9823573971063191,0.0379295739204043,0.5
HEA_small,0.75,2,3240,0.1535145314878924,0.2626342857707984,0.0206231319145067,0.9336165926358656,0.11293698424606147,0.3564915521970971,0.1364166688243384,0.9809154032239991,0.0376604962610687,0.5
HEA_small,1.0,0,4320,0.1535145314878924,0.2545655981378663,0.0183262061853981,0.949206619131704,0.10909977494373588,0.3551947522078383,0.1364166688243384,0.97763588625301,0.0366150005095821,0.5
HEA_surface,0.25,0,639,0.1727553647296109,0.2477091218004068,0.0330737032061507,0.9406562624571188,0.5,0.0362353350199232,0.1535145314878924,0.9944849236293286,0.0362353350199232,0.5
HEA_surface,0.25,1,639,0.1944077590154043,0.2107781944405467,0.0330737032061507,0.9431128481206288,0.2182745686421605,0.17415323773299315,0.1535145314878924,0.9937814645963982,0.0372683188559336,0.5
HEA_surface,0.25,2,639,0.1727553647296109,0.2509077530712635,0.0330737032061507,0.9416235741999236,0.5,0.0368613528684124,0.1535145314878924,0.9940320570327382,0.0368613528684124,0.5
HEA_surface,0.5,0,1278,0.1727553647296109,0.2252101640855723,0.0293900803613745,0.9411518790164786,0.5,0.032903750195371,0.1535145314878924,0.9918104923454948,0.032903750195371,0.5
HEA_surface,0.5,1,1278,0.1727553647296109,0.2254398549401564,0.0293900803613745,0.9401371032234472,0.5,0.0328594355980959,0.1535145314878924,0.9910711544035461,0.0328594355980959,0.5
HEA_surface,0.5,2,1278,0.1727553647296109,0.2271342006746013,0.0293900803613745,0.9415827710741194,0.5,0.0331682552651334,0.1535145314878924,0.9910178016786546,0.0331682552651334,0.5
HEA_surface,0.75,0,1918,0.1727553647296109,0.215713710952054,0.0293900803613745,0.9249177465319396,0.49740060015003756,0.03189850242677401,0.1364166688243384,0.9873948605242387,0.0315188811490944,0.5
HEA_surface,0.75,1,1918,0.1727553647296109,0.2146852717330115,0.0293900803613745,0.9248665102211324,0.5,0.0313777646556911,0.1364166688243384,0.9883325083732669,0.0313777646556911,0.5
HEA_surface,0.75,2,1918,0.1727553647296109,0.2156726722801276,0.0293900803613745,0.9253866556225976,0.5,0.0315558989917746,0.1364166688243384,0.9884769222212978,0.0315558989917746,0.5
HEA_surface,1.0,0,2557,0.1727553647296109,0.2068543976809905,0.0261167253713342,0.9396118680483044,0.5,0.0302026500501382,0.1364166688243384,0.9861102167401975,0.0302026500501382,0.5
HEA_vacancies,0.25,0,1123,0.1535145314878924,0.2441321706425597,0.0183262061853981,0.8954112201747577,0.19636534133533382,0.17240546405707668,0.1364166688243384,0.9346782166483527,0.0315445714377735,0.5
HEA_vacancies,0.25,1,1123,0.1535145314878924,0.2406733137530713,0.0183262061853981,0.9054533935223048,0.13150412603150782,0.2901377837125631,0.1364166688243384,0.9432298117627902,0.0307100273014577,0.5
HEA_vacancies,0.25,2,1123,0.1535145314878924,0.2400492727090595,0.0183262061853981,0.8952725308208682,0.1328657164291072,0.2857968152079986,0.1364166688243384,0.9350122090454596,0.0306963409639726,0.5
HEA_vacancies,0.5,0,2246,0.1535145314878924,0.2214923287387011,0.0144713306235837,0.9188710931538838,0.49183045761440364,0.029580767266692704,0.1212231008541164,0.9109838127822901,0.0285057124899196,0.5
HEA_vacancies,0.5,1,2246,0.1535145314878924,0.2214157619340583,0.0144713306235837,0.9193388579340354,0.49207801950487623,0.02946828795459543,0.1212231008541164,0.9114777504424888,0.0284284480873163,0.5
HEA_vacancies,0.5,2,2246,0.1535145314878924,0.2212435058633018,0.0144713306235837,0.915242795646824,0.4925731432858215,0.029343954187668962,0.1212231008541164,0.9072683435661006,0.0283708288932316,0.5
HEA_vacancies,0.75,0,3369,0.1364166688243384,0.2411719635617873,0.0128595690452967,0.9263530190802032,0.4925731432858215,0.027670869385151512,0.1212231008541164,0.8900134588768764,0.0267532846667285,0.5
HEA_vacancies,0.75,1,3369,0.1364166688243384,0.2409249121961056,0.0128595690452967,0.9273775610662528,0.4925731432858215,0.0276077473485438,0.1212231008541164,0.8910831017953926,0.0266922522911797,0.5
HEA_vacancies,0.75,2,3369,0.1364166688243384,0.2402936610911234,0.0128595690452967,0.9249794532700842,0.49282070517629417,0.027448027838165138,0.1212231008541164,0.8886797295493785,0.0265670784860168,0.5
HEA_vacancies,1.0,0,4492,0.1364166688243384,0.2328142076416227,0.0114273193206749,0.939937370783192,0.49331582895723936,0.026581943802157833,0.1077217345015941,0.8748692948365369,0.0257858814372255,0.5
binary_BCC_alloys,0.25,0,3240,0.1364166688243384,0.4238314949629811,0.0206231319145067,0.9500946865128364,0.11293698424606147,0.4740748011874663,0.2461941315853369,0.986560672355208,0.1130557754448028,0.5
binary_BCC_alloys,0.25,1,3240,0.1364166688243384,0.4235841790660743,0.0206231319145067,0.9492783639043372,0.11318454613653406,0.47270517170095955,0.2461941315853369,0.9859079346657471,0.1152961556377831,0.5
binary_BCC_alloys,0.25,2,3240,0.1364166688243384,0.4244991787232244,0.0206231319145067,0.9491409003507864,0.11182295573893467,0.4768554560454217,0.2461941315853369,0.9859935101891592,0.1125385881714795,0.5
binary_BCC_alloys,0.5,0,6480,0.1364166688243384,0.3909936664231406,0.0183262061853981,0.9523454051083188,0.10600525131282815,0.45282025909105905,0.2187739687537092,0.9791245735016195,0.10464126528963,0.5
binary_BCC_alloys,0.5,1,6480,0.1364166688243384,0.3909100425163473,0.0183262061853981,0.9512426487177642,0.10588147036759185,0.4530450828909488,0.2187739687537092,0.97860579016963,0.1042408600487479,0.5
binary_BCC_alloys,0.5,2,6480,0.1364166688243384,0.3915924501987816,0.0183262061853981,0.9540940424377083,0.10625281320330077,0.45320580485522416,0.2187739687537092,0.9800550572792313,0.1051887329811203,0.5
binary_BCC_alloys,0.75,0,9720,0.1212231008541164,0.4007028868486448,0.0183262061853981,0.9400707355643652,0.10513878469617396,0.4348285540413419,0.1944077590154043,0.9728107072311326,0.1004487758467007,0.5
binary_BCC_alloys,0.75,1,9720,0.1212231008541164,0.400754077480456,0.0183262061853981,0.9409317427727704,0.10526256564141029,0.4346466273409605,0.1944077590154043,0.9734466779247999,0.1001493966523551,0.5
binary_BCC_alloys,0.75,2,9720,0.1212231008541164,0.4005663490100532,0.0183262061853981,0.9403868600058044,0.10526256564141029,0.43439324105052685,0.1944077590154043,0.9730923933723091,0.1004820079671648,0.5
binary_BCC_alloys,1.0,0,12960,0.1212231008541164,0.3887195918255722,0.0162851032782989,0.9557560342673082,0.10464366091522873,0.4230315926013632,0.1944077590154043,0.9682478541996501,0.0972173058609496,0.5
divacancy,0.25,0,590,0.0755887535307831,0.3378393541590597,0.0596888320857218,0.3772084018295504,0.0049999999999999,0.9999881501784944,0.1077217345015941,0.8905345208835352,0.1538236052614278,0.5
divacancy,0.25,1,590,0.0755887535307831,0.3396045739684279,0.0596888320857218,0.3792893277975036,0.09907351837959483,0.3068650851323239,0.1077217345015941,0.8893584759196688,0.1521831271255285,0.5
divacancy,0.25,2,590,0.0850627139926294,0.329140132800826,0.067169966629945,0.3650277040038712,0.09944486121530374,0.3111301064023763,0.1212231008541164,0.8929758616577044,0.1524807789441915,0.5
divacancy,0.5,0,1180,0.0755887535307831,0.3086270101209941,0.0530409177569724,0.3670560051404298,0.09684546136534128,0.28038735239561846,0.0850627139926294,0.8514595357533833,0.1371411398849516,0.5
divacancy,0.5,1,1180,0.0755887535307831,0.3130507022086823,0.0596888320857218,0.350354876623092,0.09746436609152281,0.2834269983008639,0.0850627139926294,0.8537270296998072,0.138432957434605,0.5
divacancy,0.5,2,1180,0.0755887535307831,0.3098596566104825,0.0530409177569724,0.3677147352972214,0.09672168042010496,0.28177537290763566,0.0850627139926294,0.850496907398815,0.1377785650976345,0.5
divacancy,0.75,0,1770,0.0755887535307831,0.2936794884863101,0.0530409177569724,0.349247473279218,0.09548387096774186,0.2679596174258524,0.0755887535307831,0.8287565265702387,0.1304645016118611,0.5
divacancy,0.75,1,1770,0.0755887535307831,0.2933555672294274,0.0530409177569724,0.3486298815806107,0.09523630907726924,0.26800672648011725,0.0755887535307831,0.8243926762180559,0.1301842831541834,0.5
divacancy,0.75,2,1770,0.0755887535307831,0.2943609395939845,0.0530409177569724,0.3503269347086961,0.09560765191297818,0.26828168707410777,0.0755887535307831,0.8279658639273528,0.1306610900433438,0.5
divacancy,1.0,0,2360,0.0755887535307831,0.2824902862660192,0.0530409177569724,0.3360881912464205,0.005371342835708828,0.9998422103383141,0.067169966629945,0.8084871143002319,0.1256104780445802,0.5
double_self_interstitial_defect,0.25,0,772,0.0850627139926294,0.3185442966003419,0.0596888320857218,0.3759270778637647,0.09919729932483115,0.30091748256416795,0.1077217345015941,0.8306826029754966,0.144440012898955,0.5
double_self_interstitial_defect,0.25,1,772,0.0850627139926294,0.3208882813928477,0.0596888320857218,0.3783397148110502,0.09932108027006745,0.30281698240138955,0.1077217345015941,0.839101183992324,0.1443294432909106,0.5
double_self_interstitial_defect,0.25,2,772,0.0755887535307831,0.3350785777669536,0.0596888320857218,0.3749933872722075,0.09894973743435853,0.3016539207401895,0.1077217345015941,0.8366932295903385,0.1461390346561087,0.5
double_self_interstitial_defect,0.5,0,1545,0.0755887535307831,0.303501576742156,0.0596888320857218,0.3406721020456925,0.09684546136534128,0.2746013928050204,0.0850627139926294,0.7895362776954397,0.1307211824094043,0.5
double_self_interstitial_defect,0.5,1,1545,0.0755887535307831,0.3041205313764504,0.0530409177569724,0.3633482510359179,0.4938109527381846,0.1335885366489353,0.0850627139926294,0.7895625938687799,0.1310473537438212,0.5
double_self_interstitial_defect,0.5,2,1545,0.0755887535307831,0.3058481104964111,0.0596888320857218,0.3434600225709228,0.0970930232558139,0.2761514740280857,0.0850627139926294,0.7912557947427415,0.1313326388101197,0.5
double_self_interstitial_defect,0.75,0,2318,0.0755887535307831,0.288944729151954,0.0530409177569724,0.3457242193746953,0.4938109527381846,0.12699482584207444,0.0755887535307831,0.767106597845133,0.1245743196878391,0.5
double_self_interstitial_defect,0.75,1,2318,0.0755887535307831,0.2873087489887493,0.0530409177569724,0.3439376595260889,0.4936871717929483,0.12637490441272248,0.0755887535307831,0.7667372369631531,0.1239110774915657,0.5
double_self_interstitial_defect,0.75,2,2318,0.0755887535307831,0.2888109266256954,0.0530409177569724,0.3457111646915711,0.4936871717929483,0.1272466066900542,0.0755887535307831,0.766825913320856,0.1247801591862991,0.5
double_self_interstitial_defect,1.0,0,3090,0.0755887535307831,0.2779234506504888,0.0530409177569724,0.3327437681481416,0.4948012003000751,0.12192652979788052,0.067169966629945,0.7499569935262316,0.1199685327897993,0.5
gamma_surface,0.25,0,120,0.0850627139926294,0.4281432019191358,0.067169966629945,0.4653077611944606,0.5,0.2064107883668126,0.3948261434249862,0.818307960269126,0.2064107883668126,0.5
gamma_surface,0.25,1,120,0.0957240988084978,0.4249422654009958,0.067169966629945,0.4802950638118888,0.5,0.2075399130808692,0.3948261434249862,0.8356865910869554,0.2075399130808692,0.5
gamma_surface,0.25,2,120,0.0850627139926294,0.4367538916136293,0.0471334227558942,0.5280625454309972,0.5,0.2084388642932852,0.3948261434249862,0.8213664549666315,0.2084388642932852,0.5
gamma_surface,0.5,0,240,0.0850627139926294,0.3929802646822504,0.0530409177569724,0.4677917381174105,0.5,0.1834438371923489,0.2770510165004745,0.7758691745761592,0.1834438371923489,0.5
gamma_surface,0.5,1,240,0.0850627139926294,0.399795900412072,0.0530409177569724,0.4770305778846428,0.5,0.1833689002276046,0.3117753670636956,0.7882304674886944,0.1833689002276046,0.5
gamma_surface,0.5,2,240,0.0850627139926294,0.395015171986144,0.0530409177569724,0.4721864182300613,0.5,0.1825603588632109,0.2770510165004745,0.7735498039235298,0.1825603588632109,0.5
gamma_surface,0.75,0,360,0.0850627139926294,0.3713245070880258,0.0530409177569724,0.4461119468625704,0.5,0.170998975090895,0.1944077590154043,0.7555840651374279,0.170998975090895,0.5
gamma_surface,0.75,1,360,0.0850627139926294,0.3657710826088109,0.0471334227558942,0.4590436831682084,0.5,0.1702664176110657,0.1944077590154043,0.7511659038065699,0.1702664176110657,0.5
gamma_surface,0.75,2,360,0.0850627139926294,0.3699409027013545,0.0530409177569724,0.4455331660139734,0.5,0.1707625153643852,0.1944077590154043,0.7560066479869767,0.1707625153643852,0.5
gamma_surface,1.0,0,480,0.0850627139926294,0.3519820393503318,0.0471334227558942,0.4439241279192988,0.5,0.163036527664499,0.1535145314878924,0.7298505025317201,0.163036527664499,0.5
liquid,0.25,0,4608,0.1727553647296109,0.3203797173416917,0.0330737032061507,0.9633157109985184,0.5,0.0706054564531068,0.1944077590154043,0.9998802261581416,0.0706054564531068,0.5
liquid,0.25,1,4608,0.1727553647296109,0.3226694205283432,0.0330737032061507,0.962371349006478,0.00784696174043501,0.9999999207505805,0.1944077590154043,0.9999012967926135,0.0712917723991797,0.5
liquid,0.25,2,4608,0.1727553647296109,0.3186063017915389,0.0330737032061507,0.9619088859531516,0.008218304576143937,0.9999999753105283,0.1944077590154043,0.9999277826981654,0.0703130753153801,0.5
liquid,0.5,0,9216,0.1535145314878924,0.3312995256710973,0.0293900803613745,0.9694541602295078,0.0049999999999999,0.999999999941938,0.1727553647296109,0.9998338284168151,0.0654006505540755,0.5
liquid,0.5,1,9216,0.1535145314878924,0.3315814522557047,0.0293900803613745,0.9688553989416904,0.0049999999999999,0.9999999998975612,0.1727553647296109,0.9998182884244067,0.0654611210464255,0.5
liquid,0.5,2,9216,0.1535145314878924,0.3309970947292154,0.0293900803613745,0.9685080453686172,0.0049999999999999,0.9999999998942491,0.1727553647296109,0.9998226811425733,0.0654541433395552,0.5
liquid,0.75,0,13824,0.1535145314878924,0.3173042876131034,0.0293900803613745,0.9602446047686684,0.0049999999999999,0.9999999998962548,0.1727553647296109,0.9997670076378796,0.0626910492226266,0.5
liquid,0.75,1,13824,0.1535145314878924,0.317526919587732,0.0293900803613745,0.9596113793839516,0.0049999999999999,0.9999999998944926,0.1727553647296109,0.9997453409693267,0.0627232830381981,0.5
liquid,0.75,2,13824,0.1535145314878924,0.3175196442747462,0.0293900803613745,0.9601787161696016,0.0049999999999999,0.9999999999370583,0.1727553647296109,0.9997702616151277,0.0626444999342105,0.5
liquid,1.0,0,18432,0.1535145314878924,0.3083454507153098,0.0293900803613745,0.952573810451496,0.12345836459114773,0.37198265741887404,0.1727553647296109,0.9996887581703464,0.0609215939168726,0.5
ordered_alloys,0.25,0,528,0.1364166688243384,0.2477730561705588,0.0101545881045236,0.9284898033059742,0.5,0.0293096762822565,0.1212231008541164,0.8196463805046464,0.0293096762822565,0.5
ordered_alloys,0.25,1,528,0.1364166688243384,0.2368332106193551,0.0101545881045236,0.925840083132292,0.5,0.0276364928669514,0.1077217345015941,0.817644745496809,0.0276364928669514,0.5
ordered_alloys,0.25,2,528,0.1364166688243384,0.2354042658617453,0.2187739687537092,0.1231134904752533,0.5,0.0276299078616498,0.1077217345015941,0.8041918203573303,0.0276299078616498,0.5
ordered_alloys,0.5,0,1056,0.1212231008541164,0.2392200625830639,0.1944077590154043,0.1313919834738538,0.03829707426856706,0.48172316181109176,0.0957240988084978,0.7582023136279751,0.0243666486473033,0.5
ordered_alloys,0.5,1,1056,0.1212231008541164,0.2417912730360533,0.1944077590154043,0.1340377230626402,0.03829707426856706,0.4817889382260789,0.0957240988084978,0.7550623795881591,0.024987997035201,0.5
ordered_alloys,0.5,2,1056,0.1212231008541164,0.2427887993658897,0.1944077590154043,0.1348529347815608,0.03817329332333075,0.48459549972331367,0.0957240988084978,0.7581307956883427,0.0251780000666794,0.5
ordered_alloys,0.75,0,1584,0.1212231008541164,0.2351464633102649,0.0330737032061507,0.4934962971694095,0.5,0.0245363548891737,0.0957240988084978,0.7325981640872966,0.0245363548891737,0.5
ordered_alloys,0.75,1,1584,0.1212231008541164,0.2287578355270309,0.0330737032061507,0.4876151082616469,0.5,0.0237106465860877,0.0957240988084978,0.7286469530769557,0.0237106465860877,0.5
ordered_alloys,0.75,2,1584,0.1212231008541164,0.2322630562477259,0.0330737032061507,0.489986910686953,0.5,0.0240951354762811,0.0957240988084978,0.7304187039212793,0.0240951354762811,0.5
ordered_alloys,1.0,0,2112,0.1077217345015941,0.2478802912382066,0.0330737032061507,0.4718601987434381,0.5,0.0230244913302788,0.0850627139926294,0.7088184492329885,0.0230244913302788,0.5
phonon,0.25,0,270,0.0957240988084978,0.3594358644447091,0.0162851032782989,0.9521420693427644,0.10749062265566386,0.34449286128169737,0.2187739687537092,0.9654719875464022,0.171151938022748,0.5
phonon,0.25,1,270,0.0957240988084978,0.3674221657563583,0.0183262061853981,0.9459968675838744,0.10909977494373588,0.349177092983,0.2187739687537092,0.9767764911470376,0.1700293183133653,0.5
phonon,0.25,2,270,0.0957240988084978,0.3629659114544262,0.0183262061853981,0.9465111846345484,0.0049999999999999,0.9999998036481176,0.2187739687537092,0.9778935729005412,0.1694827515399784,0.5
phonon,0.5,0,540,0.0850627139926294,0.344473871620631,0.0144713306235837,0.9634565458555608,0.10625281320330077,0.3136531792218637,0.1212231008541164,0.9566416221951856,0.1510710129573357,0.5
phonon,0.5,1,540,0.0850627139926294,0.3444703442138651,0.0144713306235837,0.9603104834222044,0.10612903225806444,0.31384377301522626,0.1212231008541164,0.9532632513816659,0.1519396462075606,0.5
phonon,0.5,2,540,0.0850627139926294,0.3431255141829921,0.0144713306235837,0.9571141181222242,0.10588147036759185,0.3130220277005404,0.1212231008541164,0.9499797851148638,0.1506796979246433,0.5
phonon,0.75,0,810,0.0850627139926294,0.3231222857658434,0.0144713306235837,0.95285668955288,0.10476744186046505,0.2958415316882347,0.1077217345015941,0.9447748634058806,0.1424013929980424,0.5
phonon,0.75,1,810,0.0850627139926294,0.3250321401836338,0.0144713306235837,0.951754057596926,0.10489122280570135,0.29733992623283867,0.1077217345015941,0.9438831954702553,0.142491317492262,0.5
phonon,0.75,2,810,0.0850627139926294,0.3247204573175302,0.0144713306235837,0.9522643001533716,0.10489122280570135,0.29698339458224987,0.1077217345015941,0.944247847964582,0.1423819119374555,0.5
phonon,1.0,0,1080,0.0850627139926294,0.3100144378104491,0.0755887535307831,0.3295233212033714,0.10352963240810195,0.2853456102725332,0.0957240988084978,0.9364657163096544,0.1365905417889925,0.5
self_intersitial_defect,0.25,0,605,0.067169966629945,0.3311645306182368,0.0471334227558942,0.3862802359240602,0.09313203300825199,0.29833499288702836,0.0957240988084978,0.7883914006124464,0.1533296875558441,0.5
self_intersitial_defect,0.25,1,605,0.067169966629945,0.3262874322800661,0.0471334227558942,0.3815278349596104,0.09288447111777937,0.2945530404670302,0.0957240988084978,0.7867524321679261,0.1529605852876646,0.5
self_intersitial_defect,0.25,2,605,0.067169966629945,0.3289933711528472,0.0471334227558942,0.3832265938168785,0.09300825206301569,0.29718513831439747,0.0957240988084978,0.792903722527784,0.1529492473839351,0.5
self_intersitial_defect,0.5,0,1210,0.067169966629945,0.3019269194269205,0.0471334227558942,0.3539870470244148,0.4972768192048012,0.13952196577325823,0.0755887535307831,0.7427779041617552,0.1383641402733907,0.5
self_intersitial_defect,0.5,1,1210,0.067169966629945,0.3014303827231167,0.0471334227558942,0.3535543555116336,0.4972768192048012,0.13939564127990176,0.0755887535307831,0.7461658275151373,0.1382373933712405,0.5
self_intersitial_defect,0.5,2,1210,0.067169966629945,0.303697846917037,0.0471334227558942,0.3565903008734801,0.4991335333833459,0.13916055247787104,0.0755887535307831,0.7509010719070646,0.1387930234583773,0.5
self_intersitial_defect,0.75,0,1815,0.067169966629945,0.2856665258939513,0.0471334227558942,0.3360518784652844,0.4980195048762191,0.1313697835247516,0.067169966629945,0.7210749843923477,0.1305726369619632,0.5
self_intersitial_defect,0.75,1,1815,0.067169966629945,0.2858862829985594,0.0471334227558942,0.3360513864468389,0.4978957239309828,0.13137860480357252,0.067169966629945,0.7182832379945752,0.130531732298799,0.5
self_intersitial_defect,0.75,2,1815,0.067169966629945,0.2861304821669045,0.0471334227558942,0.3365580924306232,0.4978957239309828,0.1316303008970698,0.067169966629945,0.7213399763866233,0.1307835167124746,0.5
self_intersitial_defect,1.0,0,2420,0.067169966629945,0.2752066161566943,0.0418838820034145,0.3451924632246045,0.49987621905476376,0.12604511832495277,0.0596888320857218,0.7002154092336828,0.1259971589022797,0.5
short_range,0.25,0,541,0.0957240988084978,0.3857133609225379,0.0755887535307831,0.4245978977564291,0.10365341335333828,0.37505737434873904,0.2461941315853369,0.8696630770479913,0.1699101309827138,0.5
short_range,0.25,1,541,0.0850627139926294,0.3800666307346341,0.0755887535307831,0.4001848379119477,0.10340585146286566,0.3524746406503814,0.1944077590154043,0.8678406515705975,0.1644617775937853,0.5
short_range,0.25,2,541,0.0850627139926294,0.395333620919971,0.0755887535307831,0.415013009781541,0.10278694673668409,0.36894502115958766,0.2461941315853369,0.8711291866954597,0.1689981315211215,0.5
short_range,0.5,0,1082,0.0850627139926294,0.3544591879038054,0.067169966629945,0.3951206779152221,0.101549137284321,0.3306663027321236,0.1364166688243384,0.8412876362761605,0.1499045805221568,0.5
short_range,0.5,1,1082,0.0850627139926294,0.3547177358769066,0.067169966629945,0.3949625928669241,0.1014253563390847,0.331123040171645,0.1364166688243384,0.8391782565987461,0.1491138068972201,0.5
short_range,0.5,2,1082,0.0850627139926294,0.3576653774426926,0.067169966629945,0.3984786237002073,0.10167291822955732,0.3333816600521175,0.1535145314878924,0.8386805640697033,0.1498391556177237,0.5
short_range,0.75,0,1624,0.0850627139926294,0.3381716295364542,0.067169966629945,0.3758832589637627,0.09981620405101269,0.3178350181415471,0.1212231008541164,0.8132203701360843,0.1425740781002318,0.5
short_range,0.75,1,1624,0.0850627139926294,0.3407531871738573,0.067169966629945,0.3796702255739625,0.10043510877719422,0.31898197042280196,0.1212231008541164,0.8202013164694968,0.1423331017016143,0.5
short_range,0.75,2,1624,0.0850627139926294,0.3389514083279729,0.067169966629945,0.3773389253264149,0.1000637659414853,0.3179423207645999,0.1212231008541164,0.811381518973537,0.1424367088530648,0.5
short_range,1.0,0,2165,0.0850627139926294,0.3266661329663272,0.0596888320857218,0.3854314730325268,0.09919729932483115,0.30737625973009647,0.1077217345015941,0.7958344911735008,0.1368589635921985,0.5
suface_liquid,0.25,0,688,0.1212231008541164,0.4153331168224672,0.0232079441680638,0.8985772343338544,0.5,0.1381431995005525,0.2461941315853369,0.941307906688835,0.1381431995005525,0.5
suface_liquid,0.25,1,688,0.1212231008541164,0.4202806866738947,0.0232079441680638,0.9024205027703228,0.5,0.137848915619054,0.2461941315853369,0.9426257419363429,0.137848915619054,0.5
suface_liquid,0.25,2,688,0.1212231008541164,0.4142283311873738,0.0232079441680638,0.8879029873675253,0.5,0.139427817674916,0.2461941315853369,0.9375330785849175,0.139427817674916,0.5
suface_liquid,0.5,0,1376,0.1212231008541164,0.3762179124122989,0.0206231319145067,0.8949234482136222,0.11603150787696917,0.3852524586875403,0.2187739687537092,0.9327808665466454,0.1253105277930565,0.5
suface_liquid,0.5,1,1376,0.1212231008541164,0.3758395325960655,0.0206231319145067,0.904069257673508,0.11627906976744179,0.3844639921489618,0.2187739687537092,0.94111482516948,0.1259944124898706,0.5
suface_liquid,0.5,2,1376,0.1212231008541164,0.3759339086698215,0.0206231319145067,0.8928760916137746,0.11689797449362332,0.38347828751203084,0.2187739687537092,0.9307963948961763,0.1249220348514145,0.5
suface_liquid,0.75,0,2064,0.1077217345015941,0.3805818014391863,0.0206231319145067,0.8823092476385632,0.113555888972243,0.3707876986284797,0.1944077590154043,0.9254587055325172,0.1185247067258312,0.5
suface_liquid,0.75,1,2064,0.1077217345015941,0.3806926166241767,0.0206231319145067,0.8762502754595719,0.11318454613653406,0.3716305381618586,0.1944077590154043,0.9201937670636219,0.1187656661128827,0.5
suface_liquid,0.75,2,2064,0.1077217345015941,0.3795317253086691,0.0206231319145067,0.8790558691166628,0.11281320330082514,0.3710911173832166,0.1944077590154043,0.9234127832041674,0.1190037987804959,0.5
suface_liquid,1.0,0,2752,0.1077217345015941,0.3658391917491798,0.0183262061853981,0.8906486375271774,0.10996624156039003,0.362242377668954,0.1727553647296109,0.9167012267751968,0.1145485907217013,0.5
tri_vacancy,0.25,0,585,0.0850627139926294,0.3397025202600184,0.067169966629945,0.3784401229367088,0.005495123780945137,0.999939131989963,0.1212231008541164,0.8931160948916718,0.1518846359978421,0.5
tri_vacancy,0.25,1,585,0.0850627139926294,0.3471576393525153,0.067169966629945,0.3869460238989681,0.10179669917479361,0.3236191129134655,0.1364166688243384,0.9022569947005525,0.1535405528425182,0.5
tri_vacancy,0.25,2,585,0.0850627139926294,0.3418951210163872,0.067169966629945,0.3821185220749037,0.005742685671417755,0.9998615669097672,0.1212231008541164,0.8994995725888421,0.1508734657420756,0.5
tri_vacancy,0.5,0,1170,0.0850627139926294,0.3098499521787764,0.0596888320857218,0.3673487122795817,0.09944486121530374,0.29129475313063796,0.0957240988084978,0.8590460044290406,0.1362835554933046,0.5
tri_vacancy,0.5,1,1170,0.0850627139926294,0.3132346897854343,0.0596888320857218,0.3713750652169887,0.09969242310577636,0.29400982988438285,0.0957240988084978,0.8615016679231263,0.1369478610720967,0.5
tri_vacancy,0.5,2,1170,0.0850627139926294,0.3139602239581518,0.0596888320857218,0.3727670407114725,0.1000637659414853,0.2941413878673149,0.0957240988084978,0.8648626836759747,0.1372191698979649,0.5
tri_vacancy,0.75,0,1755,0.0755887535307831,0.307955841986692,0.0596888320857218,0.3464625932492225,0.09758814703675911,0.2764047466961519,0.0850627139926294,0.835585118156247,0.1296502298192795,0.5
tri_vacancy,0.75,1,1755,0.0755887535307831,0.311400281491799,0.0596888320857218,0.3506476751989851,0.09820705176294067,0.27844435409210017,0.0850627139926294,0.8419266867894997,0.1296690842303054,0.5
tri_vacancy,0.75,2,1755,0.0755887535307831,0.3110998322933358,0.0596888320857218,0.3501778315193707,0.09795948987246805,0.2784352161896422,0.0850627139926294,0.8383148793936247,0.1296495621047326,0.5
tri_vacancy,1.0,0,2340,0.0755887535307831,0.299071719690324,0.0530409177569724,0.3588748125173273,0.005371342835708828,0.9998174955986222,0.0755887535307831,0.8224040044677241,0.1246912431986325,0.5
vacancy,0.25,0,265,0.0850627139926294,0.3835065177991358,0.0755887535307831,0.4025169469342785,0.10278694673668409,0.35825695392337614,0.2461941315853369,0.8227551302498803,0.1780041592147937,0.5
vacancy,0.25,1,265,0.0850627139926294,0.3870747219053774,0.0755887535307831,0.4061711725337963,0.49616279069767444,0.18100661947782942,0.2461941315853369,0.8090215895656167,0.178933434536385,0.5
vacancy,0.25,2,265,0.0957240988084978,0.3705715946757097,0.0755887535307831,0.4090077352166596,0.10414853713428351,0.35955029336640854,0.2461941315853369,0.8399752241198972,0.1778199539293481,0.5
vacancy,0.5,0,530,0.0850627139926294,0.3428573143982843,0.067169966629945,0.3802509870166947,0.09894973743435853,0.32366033722299453,0.1364166688243384,0.7830378426773998,0.158363007350548,0.5
vacancy,0.5,1,530,0.0850627139926294,0.3459796676256875,0.0596888320857218,0.404443940988848,0.4954201050262566,0.1602595958179217,0.1364166688243384,0.7771490708459726,0.1580446333731081,0.5
vacancy,0.5,2,530,0.0850627139926294,0.3445165492903717,0.0596888320857218,0.4019495764650156,0.49579144786196555,0.1604430786436842,0.1364166688243384,0.7741688342699183,0.1584167591113403,0.5
vacancy,0.75,0,795,0.0850627139926294,0.321819818660355,0.0530409177569724,0.3975724742744895,0.4955438859714929,0.15091746412895854,0.1077217345015941,0.7504820781954231,0.1489096917332794,0.5
vacancy,0.75,1,795,0.0850627139926294,0.3267091103244329,0.0596888320857218,0.3831164927977797,0.4954201050262566,0.1507909161699526,0.1077217345015941,0.7542982463652066,0.1487318537745033,0.5
vacancy,0.75,2,795,0.0850627139926294,0.325000452180144,0.0530409177569724,0.4012591218302231,0.4960390097524382,0.15037007224548063,0.1077217345015941,0.7487203850334723,0.1485840152072937,0.5
vacancy,1.0,0,1060,0.0755887535307831,0.3267428116237155,0.0530409177569724,0.3843212609499554,0.49628657164291073,0.1443342961926502,0.0957240988084978,0.7309914436167996,0.1427291755535754,0.5
