exp,selection,fraction,train_seed,xyz,out_dir,dataset,species
E1_method,global_s0,0.05,0,results/pruned/global_s0/DS_2km6t3p8hxx2_0_0.050_global_s0.xyz,results/models/E1_method/global_s0/f0.050/seed0,carbon,
E1_method,global_s0,0.05,1,results/pruned/global_s0/DS_2km6t3p8hxx2_0_0.050_global_s0.xyz,results/models/E1_method/global_s0/f0.050/seed1,carbon,
E1_method,global_s0,0.05,2,results/pruned/global_s0/DS_2km6t3p8hxx2_0_0.050_global_s0.xyz,results/models/E1_method/global_s0/f0.050/seed2,carbon,
E1_method,global_s0,0.1,0,results/pruned/global_s0/DS_2km6t3p8hxx2_0_0.100_global_s0.xyz,results/models/E1_method/global_s0/f0.100/seed0,carbon,
E1_method,global_s0,0.1,1,results/pruned/global_s0/DS_2km6t3p8hxx2_0_0.100_global_s0.xyz,results/models/E1_method/global_s0/f0.100/seed1,carbon,
E1_method,global_s0,0.1,2,results/pruned/global_s0/DS_2km6t3p8hxx2_0_0.100_global_s0.xyz,results/models/E1_method/global_s0/f0.100/seed2,carbon,
E1_method,global_s0,0.2,0,results/pruned/global_s0/DS_2km6t3p8hxx2_0_0.200_global_s0.xyz,results/models/E1_method/global_s0/f0.200/seed0,carbon,
E1_method,global_s0,0.2,1,results/pruned/global_s0/DS_2km6t3p8hxx2_0_0.200_global_s0.xyz,results/models/E1_method/global_s0/f0.200/seed1,carbon,
E1_method,global_s0,0.2,2,results/pruned/global_s0/DS_2km6t3p8hxx2_0_0.200_global_s0.xyz,results/models/E1_method/global_s0/f0.200/seed2,carbon,
E1_method,stratified_s0,0.05,0,results/pruned/stratified_s0/DS_2km6t3p8hxx2_0_0.050_stratified_s0.xyz,results/models/E1_method/stratified_s0/f0.050/seed0,carbon,
E1_method,stratified_s0,0.05,1,results/pruned/stratified_s0/DS_2km6t3p8hxx2_0_0.050_stratified_s0.xyz,results/models/E1_method/stratified_s0/f0.050/seed1,carbon,
E1_method,stratified_s0,0.05,2,results/pruned/stratified_s0/DS_2km6t3p8hxx2_0_0.050_stratified_s0.xyz,results/models/E1_method/stratified_s0/f0.050/seed2,carbon,
E1_method,stratified_s0,0.1,0,results/pruned/stratified_s0/DS_2km6t3p8hxx2_0_0.100_stratified_s0.xyz,results/models/E1_method/stratified_s0/f0.100/seed0,carbon,
E1_method,stratified_s0,0.1,1,results/pruned/stratified_s0/DS_2km6t3p8hxx2_0_0.100_stratified_s0.xyz,results/models/E1_method/stratified_s0/f0.100/seed1,carbon,
E1_method,stratified_s0,0.1,2,results/pruned/stratified_s0/DS_2km6t3p8hxx2_0_0.100_stratified_s0.xyz,results/models/E1_method/stratified_s0/f0.100/seed2,carbon,
E1_method,stratified_s0,0.2,0,results/pruned/stratified_s0/DS_2km6t3p8hxx2_0_0.200_stratified_s0.xyz,results/models/E1_method/stratified_s0/f0.200/seed0,carbon,
E1_method,stratified_s0,0.2,1,results/pruned/stratified_s0/DS_2km6t3p8hxx2_0_0.200_stratified_s0.xyz,results/models/E1_method/stratified_s0/f0.200/seed1,carbon,
E1_method,stratified_s0,0.2,2,results/pruned/stratified_s0/DS_2km6t3p8hxx2_0_0.200_stratified_s0.xyz,results/models/E1_method/stratified_s0/f0.200/seed2,carbon,
E1_method,random_global_s0,0.05,0,results/pruned/random_global_s0/DS_2km6t3p8hxx2_0_0.050_random_global_s0.xyz,results/models/E1_method/random_global_s0/f0.050/seed0,carbon,
E1_method,random_global_s0,0.05,1,results/pruned/random_global_s0/DS_2km6t3p8hxx2_0_0.050_random_global_s0.xyz,results/models/E1_method/random_global_s0/f0.050/seed1,carbon,
E1_method,random_global_s0,0.05,2,results/pruned/random_global_s0/DS_2km6t3p8hxx2_0_0.050_random_global_s0.xyz,results/models/E1_method/random_global_s0/f0.050/seed2,carbon,
E1_method,random_global_s0,0.1,0,results/pruned/random_global_s0/DS_2km6t3p8hxx2_0_0.100_random_global_s0.xyz,results/models/E1_method/random_global_s0/f0.100/seed0,carbon,
E1_method,random_global_s0,0.1,1,results/pruned/random_global_s0/DS_2km6t3p8hxx2_0_0.100_random_global_s0.xyz,results/models/E1_method/random_global_s0/f0.100/seed1,carbon,
E1_method,random_global_s0,0.1,2,results/pruned/random_global_s0/DS_2km6t3p8hxx2_0_0.100_random_global_s0.xyz,results/models/E1_method/random_global_s0/f0.100/seed2,carbon,
E1_method,random_global_s0,0.2,0,results/pruned/random_global_s0/DS_2km6t3p8hxx2_0_0.200_random_global_s0.xyz,results/models/E1_method/random_global_s0/f0.200/seed0,carbon,
E1_method,random_global_s0,0.2,1,results/pruned/random_global_s0/DS_2km6t3p8hxx2_0_0.200_random_global_s0.xyz,results/models/E1_method/random_global_s0/f0.200/seed1,carbon,
E1_method,random_global_s0,0.2,2,results/pruned/random_global_s0/DS_2km6t3p8hxx2_0_0.200_random_global_s0.xyz,results/models/E1_method/random_global_s0/f0.200/seed2,carbon,
E1_method,random_stratified_s0,0.05,0,results/pruned/random_stratified_s0/DS_2km6t3p8hxx2_0_0.050_random_stratified_s0.xyz,results/models/E1_method/random_stratified_s0/f0.050/seed0,carbon,
E1_method,random_stratified_s0,0.05,1,results/pruned/random_stratified_s0/DS_2km6t3p8hxx2_0_0.050_random_stratified_s0.xyz,results/models/E1_method/random_stratified_s0/f0.050/seed1,carbon,
E1_method,random_stratified_s0,0.05,2,results/pruned/random_stratified_s0/DS_2km6t3p8hxx2_0_0.050_random_stratified_s0.xyz,results/models/E1_method/random_stratified_s0/f0.050/seed2,carbon,
E1_method,random_stratified_s0,0.1,0,results/pruned/random_stratified_s0/DS_2km6t3p8hxx2_0_0.100_random_stratified_s0.xyz,results/models/E1_method/random_stratified_s0/f0.100/seed0,carbon,
E1_method,random_stratified_s0,0.1,1,results/pruned/random_stratified_s0/DS_2km6t3p8hxx2_0_0.100_random_stratified_s0.xyz,results/models/E1_method/random_stratified_s0/f0.100/seed1,carbon,
E1_method,random_stratified_s0,0.1,2,results/pruned/random_stratified_s0/DS_2km6t3p8hxx2_0_0.100_random_stratified_s0.xyz,results/models/E1_method/random_stratified_s0/f0.100/seed2,carbon,
E1_method,random_stratified_s0,0.2,0,results/pruned/random_stratified_s0/DS_2km6t3p8hxx2_0_0.200_random_stratified_s0.xyz,results/models/E1_method/random_stratified_s0/f0.200/seed0,carbon,
E1_method,random_stratified_s0,0.2,1,results/pruned/random_stratified_s0/DS_2km6t3p8hxx2_0_0.200_random_stratified_s0.xyz,results/models/E1_method/random_stratified_s0/f0.200/seed1,carbon,
E1_method,random_stratified_s0,0.2,2,results/pruned/random_stratified_s0/DS_2km6t3p8hxx2_0_0.200_random_stratified_s0.xyz,results/models/E1_method/random_stratified_s0/f0.200/seed2,carbon,
E2_fpsseed,global_s1,0.05,0,results/pruned/global_s1/DS_2km6t3p8hxx2_0_0.050_global_s1.xyz,results/models/E2_fpsseed/global_s1/f0.050/seed0,carbon,
E2_fpsseed,global_s1,0.05,1,results/pruned/global_s1/DS_2km6t3p8hxx2_0_0.050_global_s1.xyz,results/models/E2_fpsseed/global_s1/f0.050/seed1,carbon,
E2_fpsseed,global_s1,0.05,2,results/pruned/global_s1/DS_2km6t3p8hxx2_0_0.050_global_s1.xyz,results/models/E2_fpsseed/global_s1/f0.050/seed2,carbon,
E2_fpsseed,global_s1,0.1,0,results/pruned/global_s1/DS_2km6t3p8hxx2_0_0.100_global_s1.xyz,results/models/E2_fpsseed/global_s1/f0.100/seed0,carbon,
E2_fpsseed,global_s1,0.1,1,results/pruned/global_s1/DS_2km6t3p8hxx2_0_0.100_global_s1.xyz,results/models/E2_fpsseed/global_s1/f0.100/seed1,carbon,
E2_fpsseed,global_s1,0.1,2,results/pruned/global_s1/DS_2km6t3p8hxx2_0_0.100_global_s1.xyz,results/models/E2_fpsseed/global_s1/f0.100/seed2,carbon,
E2_fpsseed,global_s1,0.2,0,results/pruned/global_s1/DS_2km6t3p8hxx2_0_0.200_global_s1.xyz,results/models/E2_fpsseed/global_s1/f0.200/seed0,carbon,
E2_fpsseed,global_s1,0.2,1,results/pruned/global_s1/DS_2km6t3p8hxx2_0_0.200_global_s1.xyz,results/models/E2_fpsseed/global_s1/f0.200/seed1,carbon,
E2_fpsseed,global_s1,0.2,2,results/pruned/global_s1/DS_2km6t3p8hxx2_0_0.200_global_s1.xyz,results/models/E2_fpsseed/global_s1/f0.200/seed2,carbon,
E2_fpsseed,stratified_s1,0.05,0,results/pruned/stratified_s1/DS_2km6t3p8hxx2_0_0.050_stratified_s1.xyz,results/models/E2_fpsseed/stratified_s1/f0.050/seed0,carbon,
E2_fpsseed,stratified_s1,0.05,1,results/pruned/stratified_s1/DS_2km6t3p8hxx2_0_0.050_stratified_s1.xyz,results/models/E2_fpsseed/stratified_s1/f0.050/seed1,carbon,
E2_fpsseed,stratified_s1,0.05,2,results/pruned/stratified_s1/DS_2km6t3p8hxx2_0_0.050_stratified_s1.xyz,results/models/E2_fpsseed/stratified_s1/f0.050/seed2,carbon,
E2_fpsseed,stratified_s1,0.1,0,results/pruned/stratified_s1/DS_2km6t3p8hxx2_0_0.100_stratified_s1.xyz,results/models/E2_fpsseed/stratified_s1/f0.100/seed0,carbon,
E2_fpsseed,stratified_s1,0.1,1,results/pruned/stratified_s1/DS_2km6t3p8hxx2_0_0.100_stratified_s1.xyz,results/models/E2_fpsseed/stratified_s1/f0.100/seed1,carbon,
E2_fpsseed,stratified_s1,0.1,2,results/pruned/stratified_s1/DS_2km6t3p8hxx2_0_0.100_stratified_s1.xyz,results/models/E2_fpsseed/stratified_s1/f0.100/seed2,carbon,
E2_fpsseed,stratified_s1,0.2,0,results/pruned/stratified_s1/DS_2km6t3p8hxx2_0_0.200_stratified_s1.xyz,results/models/E2_fpsseed/stratified_s1/f0.200/seed0,carbon,
E2_fpsseed,stratified_s1,0.2,1,results/pruned/stratified_s1/DS_2km6t3p8hxx2_0_0.200_stratified_s1.xyz,results/models/E2_fpsseed/stratified_s1/f0.200/seed1,carbon,
E2_fpsseed,stratified_s1,0.2,2,results/pruned/stratified_s1/DS_2km6t3p8hxx2_0_0.200_stratified_s1.xyz,results/models/E2_fpsseed/stratified_s1/f0.200/seed2,carbon,
E3_full,none,1.0,0,/p/lustre1/laubach2/nequip_models/quests_descriptors-Mar2026/DS_2km6t3p8hxx2_0.xyz,results/models/E3_full/seed0,carbon,
E3_full,none,1.0,1,/p/lustre1/laubach2/nequip_models/quests_descriptors-Mar2026/DS_2km6t3p8hxx2_0.xyz,results/models/E3_full/seed1,carbon,
E3_full,none,1.0,2,/p/lustre1/laubach2/nequip_models/quests_descriptors-Mar2026/DS_2km6t3p8hxx2_0.xyz,results/models/E3_full/seed2,carbon,
E5_matched,global_s0,0.312,0,results/pruned/global_s0/DS_2km6t3p8hxx2_0_0.312_global_s0.xyz,results/models/E5_matched/global_s0/f0.312/seed0,carbon,
E5_matched,global_s0,0.312,1,results/pruned/global_s0/DS_2km6t3p8hxx2_0_0.312_global_s0.xyz,results/models/E5_matched/global_s0/f0.312/seed1,carbon,
E5_matched,global_s0,0.312,2,results/pruned/global_s0/DS_2km6t3p8hxx2_0_0.312_global_s0.xyz,results/models/E5_matched/global_s0/f0.312/seed2,carbon,
E5_matched,stratified_s0,0.312,0,results/pruned/stratified_s0/DS_2km6t3p8hxx2_0_0.312_stratified_s0.xyz,results/models/E5_matched/stratified_s0/f0.312/seed0,carbon,
E5_matched,stratified_s0,0.312,1,results/pruned/stratified_s0/DS_2km6t3p8hxx2_0_0.312_stratified_s0.xyz,results/models/E5_matched/stratified_s0/f0.312/seed1,carbon,
E5_matched,stratified_s0,0.312,2,results/pruned/stratified_s0/DS_2km6t3p8hxx2_0_0.312_stratified_s0.xyz,results/models/E5_matched/stratified_s0/f0.312/seed2,carbon,
E4_adaptive_paper,stratified_s0,-1,0,results/pruned/adaptive_paper_s0/DS_2km6t3p8hxx2_0_adaptive_stratified_s0.xyz,results/models/E4_adaptive_paper/seed0,carbon,
E4_adaptive_paper,stratified_s0,-1,1,results/pruned/adaptive_paper_s0/DS_2km6t3p8hxx2_0_adaptive_stratified_s0.xyz,results/models/E4_adaptive_paper/seed1,carbon,
E4_adaptive_paper,stratified_s0,-1,2,results/pruned/adaptive_paper_s0/DS_2km6t3p8hxx2_0_adaptive_stratified_s0.xyz,results/models/E4_adaptive_paper/seed2,carbon,
E4_adaptive_midlo,stratified_s0,-1,0,results/pruned/adaptive_midlo_s0/DS_2km6t3p8hxx2_0_adaptive_stratified_s0.xyz,results/models/E4_adaptive_midlo/seed0,carbon,
E4_adaptive_midlo,stratified_s0,-1,1,results/pruned/adaptive_midlo_s0/DS_2km6t3p8hxx2_0_adaptive_stratified_s0.xyz,results/models/E4_adaptive_midlo/seed1,carbon,
E4_adaptive_midlo,stratified_s0,-1,2,results/pruned/adaptive_midlo_s0/DS_2km6t3p8hxx2_0_adaptive_stratified_s0.xyz,results/models/E4_adaptive_midlo/seed2,carbon,
