mode,fps_seed,fraction,group,n_env,n_frames,n_atoms,group_frames,group_atoms,frac_frames,frac_atoms
random_stratified,0,0.01,BCC_alloys,267,209,11286,495,26730,0.4222222222222222,0.009988776655443322
random_stratified,0,0.01,BCC_distorted,4,4,8,200,400,0.02,0.01
random_stratified,0,0.01,HEA_interstitial,73,43,5630,56,7336,0.7678571428571429,0.00995092693565976
random_stratified,0,0.01,HEA_short_range,44,33,1815,80,4400,0.4125,0.01
random_stratified,0,0.01,HEA_small,43,34,1836,80,4320,0.425,0.009953703703703704
random_stratified,0,0.01,HEA_surface,26,14,1874,19,2557,0.7368421052631579,0.010168165819319515
random_stratified,0,0.01,HEA_vacancies,45,26,3243,36,4492,0.7222222222222222,0.010017809439002672
random_stratified,0,0.01,binary_BCC_alloys,130,100,5400,240,12960,0.4166666666666667,0.010030864197530864
random_stratified,0,0.01,divacancy,24,14,1652,20,2360,0.7,0.010169491525423728
random_stratified,0,0.01,double_self_interstitial_defect,31,18,2846,20,3090,0.9,0.010032362459546926
random_stratified,0,0.01,gamma_surface,5,4,48,40,480,0.1,0.010416666666666666
random_stratified,0,0.01,liquid,184,108,13824,144,18432,0.75,0.009982638888888888
random_stratified,0,0.01,ordered_alloys,21,20,320,132,2112,0.15151515151515152,0.009943181818181818
random_stratified,0,0.01,phonon,11,7,378,20,1080,0.35,0.010185185185185186
random_stratified,0,0.01,self_intersitial_defect,24,15,1815,20,2420,0.75,0.009917355371900827
random_stratified,0,0.01,short_range,22,18,977,40,2165,0.45,0.010161662817551964
random_stratified,0,0.01,suface_liquid,28,14,1920,20,2752,0.7,0.010174418604651164
random_stratified,0,0.01,tri_vacancy,23,13,1521,20,2340,0.65,0.009829059829059829
random_stratified,0,0.01,vacancy,11,10,530,20,1060,0.5,0.010377358490566037
random_stratified,0,0.01,Full,1016,704,56923,1702,101486,0.4136310223266745,0.010011233076483456
random_stratified,0,0.015,BCC_alloys,401,283,15282,495,26730,0.5717171717171717,0.015001870557426113
random_stratified,0,0.015,BCC_distorted,6,6,12,200,400,0.03,0.015
random_stratified,0,0.015,HEA_interstitial,110,49,6422,56,7336,0.875,0.014994547437295528
random_stratified,0,0.015,HEA_short_range,66,43,2365,80,4400,0.5375,0.015
random_stratified,0,0.015,HEA_small,65,47,2538,80,4320,0.5875,0.015046296296296295
random_stratified,0,0.015,HEA_surface,38,17,2271,19,2557,0.8947368421052632,0.014861165428236215
random_stratified,0,0.015,HEA_vacancies,67,29,3620,36,4492,0.8055555555555556,0.01491540516473731
random_stratified,0,0.015,binary_BCC_alloys,194,129,6966,240,12960,0.5375,0.014969135802469136
random_stratified,0,0.015,divacancy,35,16,1888,20,2360,0.8,0.014830508474576272
random_stratified,0,0.015,double_self_interstitial_defect,46,18,2846,20,3090,0.9,0.01488673139158576
random_stratified,0,0.015,gamma_surface,7,5,60,40,480,0.125,0.014583333333333334
random_stratified,0,0.015,liquid,276,124,15872,144,18432,0.8611111111111112,0.014973958333333334
random_stratified,0,0.015,ordered_alloys,32,30,480,132,2112,0.22727272727272727,0.015151515151515152
random_stratified,0,0.015,phonon,16,11,594,20,1080,0.55,0.014814814814814815
random_stratified,0,0.015,self_intersitial_defect,36,16,1936,20,2420,0.8,0.01487603305785124
random_stratified,0,0.015,short_range,32,23,1247,40,2165,0.575,0.014780600461893764
random_stratified,0,0.015,suface_liquid,41,17,2320,20,2752,0.85,0.014898255813953489
random_stratified,0,0.015,tri_vacancy,35,15,1755,20,2340,0.75,0.014957264957264958
random_stratified,0,0.015,vacancy,16,13,689,20,1060,0.65,0.01509433962264151
random_stratified,0,0.015,Full,1519,891,69163,1702,101486,0.5235017626321974,0.01496758173541178
random_stratified,0,0.02,BCC_alloys,535,328,17712,495,26730,0.6626262626262627,0.020014964459408903
random_stratified,0,0.02,BCC_distorted,8,8,16,200,400,0.04,0.02
random_stratified,0,0.02,HEA_interstitial,147,54,7075,56,7336,0.9642857142857143,0.020038167938931296
random_stratified,0,0.02,HEA_short_range,88,54,2970,80,4400,0.675,0.02
random_stratified,0,0.02,HEA_small,86,55,2970,80,4320,0.6875,0.01990740740740741
random_stratified,0,0.02,HEA_surface,51,18,2414,19,2557,0.9473684210526315,0.01994524833789597
random_stratified,0,0.02,HEA_vacancies,90,32,3998,36,4492,0.8888888888888888,0.020035618878005344
random_stratified,0,0.02,binary_BCC_alloys,259,159,8586,240,12960,0.6625,0.019984567901234568
random_stratified,0,0.02,divacancy,47,18,2124,20,2360,0.9,0.019915254237288134
random_stratified,0,0.02,double_self_interstitial_defect,62,19,2968,20,3090,0.95,0.020064724919093852
random_stratified,0,0.02,gamma_surface,10,7,84,40,480,0.175,0.020833333333333332
random_stratified,0,0.02,liquid,369,133,17024,144,18432,0.9236111111111112,0.02001953125
random_stratified,0,0.02,ordered_alloys,42,38,608,132,2112,0.2878787878787879,0.019886363636363636
random_stratified,0,0.02,phonon,22,14,756,20,1080,0.7,0.020370370370370372
random_stratified,0,0.02,self_intersitial_defect,48,17,2057,20,2420,0.85,0.019834710743801654
random_stratified,0,0.02,short_range,43,26,1408,40,2165,0.65,0.019861431870669747
random_stratified,0,0.02,suface_liquid,55,19,2608,20,2752,0.95,0.01998546511627907
random_stratified,0,0.02,tri_vacancy,47,17,1989,20,2340,0.85,0.020085470085470087
random_stratified,0,0.02,vacancy,21,15,795,20,1060,0.75,0.01981132075471698
random_stratified,0,0.02,Full,2030,1031,78162,1702,101486,0.6057579318448884,0.02000275900124155
random_stratified,0,0.025,BCC_alloys,668,372,20088,495,26730,0.7515151515151515,0.024990647212869435
random_stratified,0,0.025,BCC_distorted,10,10,20,200,400,0.05,0.025
random_stratified,0,0.025,HEA_interstitial,183,54,7075,56,7336,0.9642857142857143,0.02494547437295529
random_stratified,0,0.025,HEA_short_range,110,60,3300,80,4400,0.75,0.025
random_stratified,0,0.025,HEA_small,108,61,3294,80,4320,0.7625,0.025
random_stratified,0,0.025,HEA_surface,64,18,2414,19,2557,0.9473684210526315,0.025029331247555728
random_stratified,0,0.025,HEA_vacancies,112,33,4121,36,4492,0.9166666666666666,0.024933214603739984
random_stratified,0,0.025,binary_BCC_alloys,324,183,9882,240,12960,0.7625,0.025
random_stratified,0,0.025,divacancy,59,19,2242,20,2360,0.95,0.025
random_stratified,0,0.025,double_self_interstitial_defect,77,20,3090,20,3090,1.0,0.024919093851132685
random_stratified,0,0.025,gamma_surface,12,8,96,40,480,0.2,0.025
random_stratified,0,0.025,liquid,461,138,17664,144,18432,0.9583333333333334,0.025010850694444444
random_stratified,0,0.025,ordered_alloys,53,45,720,132,2112,0.3409090909090909,0.025094696969696968
random_stratified,0,0.025,phonon,27,16,864,20,1080,0.8,0.025
random_stratified,0,0.025,self_intersitial_defect,60,18,2178,20,2420,0.9,0.024793388429752067
random_stratified,0,0.025,short_range,54,28,1516,40,2165,0.7,0.024942263279445726
random_stratified,0,0.025,suface_liquid,69,20,2752,20,2752,1.0,0.02507267441860465
random_stratified,0,0.025,tri_vacancy,58,18,2106,20,2340,0.9,0.024786324786324785
random_stratified,0,0.025,vacancy,26,17,901,20,1060,0.85,0.024528301886792454
random_stratified,0,0.025,Full,2535,1138,84323,1702,101486,0.6686251468860165,0.024978814811895237
random_stratified,0,0.03,BCC_alloys,802,402,21708,495,26730,0.8121212121212121,0.030003741114852225
random_stratified,0,0.03,BCC_distorted,12,12,24,200,400,0.06,0.03
random_stratified,0,0.03,HEA_interstitial,220,55,7204,56,7336,0.9821428571428571,0.029989094874591057
random_stratified,0,0.03,HEA_short_range,132,63,3465,80,4400,0.7875,0.03
random_stratified,0,0.03,HEA_small,130,63,3402,80,4320,0.7875,0.03009259259259259
random_stratified,0,0.03,HEA_surface,77,18,2414,19,2557,0.9473684210526315,0.030113414157215485
random_stratified,0,0.03,HEA_vacancies,135,34,4246,36,4492,0.9444444444444444,0.030053428317008014
random_stratified,0,0.03,binary_BCC_alloys,389,198,10692,240,12960,0.825,0.03001543209876543
random_stratified,0,0.03,divacancy,71,19,2242,20,2360,0.95,0.030084745762711865
random_stratified,0,0.03,double_self_interstitial_defect,93,20,3090,20,3090,1.0,0.030097087378640777
random_stratified,0,0.03,gamma_surface,14,10,120,40,480,0.25,0.029166666666666667
random_stratified,0,0.03,liquid,553,143,18304,144,18432,0.9930555555555556,0.030002170138888888
random_stratified,0,0.03,ordered_alloys,63,54,864,132,2112,0.4090909090909091,0.029829545454545456
random_stratified,0,0.03,phonon,32,17,918,20,1080,0.85,0.02962962962962963
random_stratified,0,0.03,self_intersitial_defect,73,18,2178,20,2420,0.9,0.03016528925619835
random_stratified,0,0.03,short_range,65,32,1732,40,2165,0.8,0.03002309468822171
random_stratified,0,0.03,suface_liquid,83,20,2752,20,2752,1.0,0.030159883720930234
random_stratified,0,0.03,tri_vacancy,70,19,2223,20,2340,0.95,0.029914529914529916
random_stratified,0,0.03,vacancy,32,17,901,20,1060,0.85,0.03018867924528302
random_stratified,0,0.03,Full,3046,1214,88479,1702,101486,0.7132784958871915,0.030013992077725007
random_stratified,0,0.035,BCC_alloys,936,424,22896,495,26730,0.8565656565656565,0.035016835016835016
random_stratified,0,0.035,BCC_distorted,14,14,28,200,400,0.07,0.035
random_stratified,0,0.035,HEA_interstitial,257,55,7204,56,7336,0.9821428571428571,0.035032715376226826
random_stratified,0,0.035,HEA_short_range,154,67,3685,80,4400,0.8375,0.035
random_stratified,0,0.035,HEA_small,151,67,3618,80,4320,0.8375,0.0349537037037037
random_stratified,0,0.035,HEA_surface,89,18,2414,19,2557,0.9473684210526315,0.03480641376613219
random_stratified,0,0.035,HEA_vacancies,157,35,4369,36,4492,0.9722222222222222,0.034951024042742654
random_stratified,0,0.035,binary_BCC_alloys,454,211,11394,240,12960,0.8791666666666667,0.03503086419753086
random_stratified,0,0.035,divacancy,83,20,2360,20,2360,1.0,0.03516949152542373
random_stratified,0,0.035,double_self_interstitial_defect,108,20,3090,20,3090,1.0,0.03495145631067961
random_stratified,0,0.035,gamma_surface,17,12,144,40,480,0.3,0.035416666666666666
random_stratified,0,0.035,liquid,645,144,18432,144,18432,1.0,0.034993489583333336
random_stratified,0,0.035,ordered_alloys,74,62,992,132,2112,0.4696969696969697,0.035037878787878785
random_stratified,0,0.035,phonon,38,18,972,20,1080,0.9,0.03518518518518519
random_stratified,0,0.035,self_intersitial_defect,85,18,2178,20,2420,0.9,0.03512396694214876
random_stratified,0,0.035,short_range,76,35,1895,40,2165,0.875,0.03510392609699769
random_stratified,0,0.035,suface_liquid,96,20,2752,20,2752,1.0,0.03488372093023256
random_stratified,0,0.035,tri_vacancy,82,20,2340,20,2340,1.0,0.03504273504273504
random_stratified,0,0.035,vacancy,37,17,901,20,1060,0.85,0.03490566037735849
random_stratified,0,0.035,Full,3553,1277,91664,1702,101486,0.7502937720329025,0.035009755040104056
random_stratified,0,0.04,BCC_alloys,1069,440,23760,495,26730,0.8888888888888888,0.03999251777029555
random_stratified,0,0.04,BCC_distorted,16,16,32,200,400,0.08,0.04
random_stratified,0,0.04,HEA_interstitial,293,56,7336,56,7336,1.0,0.03994002181025082
random_stratified,0,0.04,HEA_short_range,176,70,3850,80,4400,0.875,0.04
random_stratified,0,0.04,HEA_small,173,68,3672,80,4320,0.85,0.040046296296296295
random_stratified,0,0.04,HEA_surface,102,18,2414,19,2557,0.9473684210526315,0.03989049667579194
random_stratified,0,0.04,HEA_vacancies,180,35,4369,36,4492,0.9722222222222222,0.04007123775601069
random_stratified,0,0.04,binary_BCC_alloys,518,219,11826,240,12960,0.9125,0.039969135802469136
random_stratified,0,0.04,divacancy,94,20,2360,20,2360,1.0,0.03983050847457627
random_stratified,0,0.04,double_self_interstitial_defect,124,20,3090,20,3090,1.0,0.040129449838187704
random_stratified,0,0.04,gamma_surface,19,14,168,40,480,0.35,0.03958333333333333
random_stratified,0,0.04,liquid,737,144,18432,144,18432,1.0,0.039984809027777776
random_stratified,0,0.04,ordered_alloys,84,66,1056,132,2112,0.5,0.03977272727272727
random_stratified,0,0.04,phonon,43,18,972,20,1080,0.9,0.03981481481481482
random_stratified,0,0.04,self_intersitial_defect,97,18,2178,20,2420,0.9,0.04008264462809917
random_stratified,0,0.04,short_range,87,35,1895,40,2165,0.875,0.040184757505773674
random_stratified,0,0.04,suface_liquid,110,20,2752,20,2752,1.0,0.03997093023255814
random_stratified,0,0.04,tri_vacancy,94,20,2340,20,2340,1.0,0.040170940170940174
random_stratified,0,0.04,vacancy,42,17,901,20,1060,0.85,0.03962264150943396
random_stratified,0,0.04,Full,4058,1314,93403,1702,101486,0.7720329024676851,0.03998581085075774
random_stratified,0,0.045,BCC_alloys,1203,452,24408,495,26730,0.9131313131313131,0.04500561167227834
random_stratified,0,0.045,BCC_distorted,18,18,36,200,400,0.09,0.045
random_stratified,0,0.045,HEA_interstitial,330,56,7336,56,7336,1.0,0.04498364231188658
random_stratified,0,0.045,HEA_short_range,198,72,3960,80,4400,0.9,0.045
random_stratified,0,0.045,HEA_small,194,70,3780,80,4320,0.875,0.04490740740740741
random_stratified,0,0.045,HEA_surface,115,18,2414,19,2557,0.9473684210526315,0.0449745795854517
random_stratified,0,0.045,HEA_vacancies,202,36,4492,36,4492,1.0,0.044968833481745324
random_stratified,0,0.045,binary_BCC_alloys,583,226,12204,240,12960,0.9416666666666667,0.04498456790123457
random_stratified,0,0.045,divacancy,106,20,2360,20,2360,1.0,0.044915254237288135
random_stratified,0,0.045,double_self_interstitial_defect,139,20,3090,20,3090,1.0,0.04498381877022654
random_stratified,0,0.045,gamma_surface,22,16,192,40,480,0.4,0.04583333333333333
random_stratified,0,0.045,liquid,829,144,18432,144,18432,1.0,0.044976128472222224
random_stratified,0,0.045,ordered_alloys,95,71,1136,132,2112,0.5378787878787878,0.04498106060606061
random_stratified,0,0.045,phonon,49,18,972,20,1080,0.9,0.04537037037037037
random_stratified,0,0.045,self_intersitial_defect,109,19,2299,20,2420,0.95,0.04504132231404959
random_stratified,0,0.045,short_range,97,36,1949,40,2165,0.9,0.04480369515011547
random_stratified,0,0.045,suface_liquid,124,20,2752,20,2752,1.0,0.04505813953488372
random_stratified,0,0.045,tri_vacancy,105,20,2340,20,2340,1.0,0.04487179487179487
random_stratified,0,0.045,vacancy,48,18,954,20,1060,0.9,0.045283018867924525
random_stratified,0,0.045,Full,4566,1350,95106,1702,101486,0.7931844888366627,0.044991427388999465
random_stratified,0,0.05,BCC_alloys,1337,459,24786,495,26730,0.9272727272727272,0.05001870557426113
random_stratified,0,0.05,BCC_distorted,20,20,40,200,400,0.1,0.05
random_stratified,0,0.05,HEA_interstitial,367,56,7336,56,7336,1.0,0.05002726281352236
random_stratified,0,0.05,HEA_short_range,220,75,4125,80,4400,0.9375,0.05
random_stratified,0,0.05,HEA_small,216,72,3888,80,4320,0.9,0.05
random_stratified,0,0.05,HEA_surface,128,19,2557,19,2557,1.0,0.050058662495111456
random_stratified,0,0.05,HEA_vacancies,225,36,4492,36,4492,1.0,0.05008904719501336
random_stratified,0,0.05,binary_BCC_alloys,648,230,12420,240,12960,0.9583333333333334,0.05
random_stratified,0,0.05,divacancy,118,20,2360,20,2360,1.0,0.05
random_stratified,0,0.05,double_self_interstitial_defect,155,20,3090,20,3090,1.0,0.05016181229773463
random_stratified,0,0.05,gamma_surface,24,18,216,40,480,0.45,0.05
random_stratified,0,0.05,liquid,922,144,18432,144,18432,1.0,0.05002170138888889
random_stratified,0,0.05,ordered_alloys,106,76,1216,132,2112,0.5757575757575758,0.050189393939393936
random_stratified,0,0.05,phonon,54,19,1026,20,1080,0.95,0.05
random_stratified,0,0.05,self_intersitial_defect,121,20,2420,20,2420,1.0,0.05
random_stratified,0,0.05,short_range,108,37,2003,40,2165,0.925,0.04988452655889145
random_stratified,0,0.05,suface_liquid,138,20,2752,20,2752,1.0,0.0501453488372093
random_stratified,0,0.05,tri_vacancy,117,20,2340,20,2340,1.0,0.05
random_stratified,0,0.05,vacancy,53,19,1007,20,1060,0.95,0.05
random_stratified,0,0.05,Full,5077,1380,96506,1702,101486,0.8108108108108109,0.050026604654829235
random_stratified,0,0.055,BCC_alloys,1470,466,25164,495,26730,0.9414141414141414,0.05499438832772166
random_stratified,0,0.055,BCC_distorted,22,22,44,200,400,0.11,0.055
random_stratified,0,0.055,HEA_interstitial,403,56,7336,56,7336,1.0,0.05493456924754635
random_stratified,0,0.055,HEA_short_range,242,76,4180,80,4400,0.95,0.055
random_stratified,0,0.055,HEA_small,238,75,4050,80,4320,0.9375,0.055092592592592596
random_stratified,0,0.055,HEA_surface,141,19,2557,19,2557,1.0,0.055142745404771216
random_stratified,0,0.055,HEA_vacancies,247,36,4492,36,4492,1.0,0.054986642920747994
random_stratified,0,0.055,binary_BCC_alloys,713,230,12420,240,12960,0.9583333333333334,0.05501543209876543
random_stratified,0,0.055,divacancy,130,20,2360,20,2360,1.0,0.05508474576271186
random_stratified,0,0.055,double_self_interstitial_defect,170,20,3090,20,3090,1.0,0.05501618122977346
random_stratified,0,0.055,gamma_surface,26,20,240,40,480,0.5,0.05416666666666667
random_stratified,0,0.055,liquid,1014,144,18432,144,18432,1.0,0.055013020833333336
random_stratified,0,0.055,ordered_alloys,116,77,1232,132,2112,0.5833333333333334,0.054924242424242424
random_stratified,0,0.055,phonon,59,19,1026,20,1080,0.95,0.05462962962962963
random_stratified,0,0.055,self_intersitial_defect,133,20,2420,20,2420,1.0,0.05495867768595041
random_stratified,0,0.055,short_range,119,37,2003,40,2165,0.925,0.05496535796766744
random_stratified,0,0.055,suface_liquid,151,20,2752,20,2752,1.0,0.05486918604651163
random_stratified,0,0.055,tri_vacancy,129,20,2340,20,2340,1.0,0.05512820512820513
random_stratified,0,0.055,vacancy,58,19,1007,20,1060,0.95,0.05471698113207547
random_stratified,0,0.055,Full,5581,1396,97145,1702,101486,0.8202115158636898,0.054992806889620244
random_stratified,0,0.06,BCC_alloys,1604,475,25650,495,26730,0.9595959595959596,0.06000748222970445
random_stratified,0,0.06,BCC_distorted,24,24,48,200,400,0.12,0.06
random_stratified,0,0.06,HEA_interstitial,440,56,7336,56,7336,1.0,0.05997818974918211
random_stratified,0,0.06,HEA_short_range,264,77,4235,80,4400,0.9625,0.06
random_stratified,0,0.06,HEA_small,259,76,4104,80,4320,0.95,0.059953703703703703
random_stratified,0,0.06,HEA_surface,153,19,2557,19,2557,1.0,0.059835745013687915
random_stratified,0,0.06,HEA_vacancies,270,36,4492,36,4492,1.0,0.06010685663401603
random_stratified,0,0.06,binary_BCC_alloys,778,233,12582,240,12960,0.9708333333333333,0.06003086419753086
random_stratified,0,0.06,divacancy,142,20,2360,20,2360,1.0,0.06016949152542373
random_stratified,0,0.06,double_self_interstitial_defect,185,20,3090,20,3090,1.0,0.059870550161812294
random_stratified,0,0.06,gamma_surface,29,21,252,40,480,0.525,0.06041666666666667
random_stratified,0,0.06,liquid,1106,144,18432,144,18432,1.0,0.060004340277777776
random_stratified,0,0.06,ordered_alloys,127,79,1264,132,2112,0.5984848484848485,0.06013257575757576
random_stratified,0,0.06,phonon,65,20,1080,20,1080,1.0,0.06018518518518518
random_stratified,0,0.06,self_intersitial_defect,145,20,2420,20,2420,1.0,0.05991735537190083
random_stratified,0,0.06,short_range,130,38,2056,40,2165,0.95,0.06004618937644342
random_stratified,0,0.06,suface_liquid,165,20,2752,20,2752,1.0,0.05995639534883721
random_stratified,0,0.06,tri_vacancy,140,20,2340,20,2340,1.0,0.05982905982905983
random_stratified,0,0.06,vacancy,64,19,1007,20,1060,0.95,0.06037735849056604
random_stratified,0,0.06,Full,6090,1417,98057,1702,101486,0.8325499412455935,0.06000827700372465
random_stratified,0,0.065,BCC_alloys,1737,479,25866,495,26730,0.9676767676767677,0.06498316498316499
random_stratified,0,0.065,BCC_distorted,26,26,52,200,400,0.13,0.065
random_stratified,0,0.065,HEA_interstitial,477,56,7336,56,7336,1.0,0.06502181025081788
random_stratified,0,0.065,HEA_short_range,286,79,4345,80,4400,0.9875,0.065
random_stratified,0,0.065,HEA_small,281,76,4104,80,4320,0.95,0.0650462962962963
random_stratified,0,0.065,HEA_surface,166,19,2557,19,2557,1.0,0.06491982792334768
random_stratified,0,0.065,HEA_vacancies,292,36,4492,36,4492,1.0,0.06500445235975066
random_stratified,0,0.065,binary_BCC_alloys,842,235,12690,240,12960,0.9791666666666666,0.06496913580246913
random_stratified,0,0.065,divacancy,153,20,2360,20,2360,1.0,0.06483050847457628
random_stratified,0,0.065,double_self_interstitial_defect,201,20,3090,20,3090,1.0,0.06504854368932039
random_stratified,0,0.065,gamma_surface,31,22,264,40,480,0.55,0.06458333333333334
random_stratified,0,0.065,liquid,1198,144,18432,144,18432,1.0,0.06499565972222222
random_stratified,0,0.065,ordered_alloys,137,82,1312,132,2112,0.6212121212121212,0.06486742424242424
random_stratified,0,0.065,phonon,70,20,1080,20,1080,1.0,0.06481481481481481
random_stratified,0,0.065,self_intersitial_defect,157,20,2420,20,2420,1.0,0.06487603305785124
random_stratified,0,0.065,short_range,141,38,2056,40,2165,0.95,0.0651270207852194
random_stratified,0,0.065,suface_liquid,179,20,2752,20,2752,1.0,0.0650436046511628
random_stratified,0,0.065,tri_vacancy,152,20,2340,20,2340,1.0,0.06495726495726496
random_stratified,0,0.065,vacancy,69,19,1007,20,1060,0.95,0.06509433962264151
random_stratified,0,0.065,Full,6595,1431,98555,1702,101486,0.8407755581668626,0.06498433281437833
random_stratified,0,0.07,BCC_alloys,1871,482,26028,495,26730,0.9737373737373738,0.06999625888514778
random_stratified,0,0.07,BCC_distorted,28,28,56,200,400,0.14,0.07
random_stratified,0,0.07,HEA_interstitial,514,56,7336,56,7336,1.0,0.07006543075245365
random_stratified,0,0.07,HEA_short_range,308,79,4345,80,4400,0.9875,0.07
random_stratified,0,0.07,HEA_small,302,76,4104,80,4320,0.95,0.0699074074074074
random_stratified,0,0.07,HEA_surface,179,19,2557,19,2557,1.0,0.07000391083300743
random_stratified,0,0.07,HEA_vacancies,314,36,4492,36,4492,1.0,0.06990204808548531
random_stratified,0,0.07,binary_BCC_alloys,907,239,12906,240,12960,0.9958333333333333,0.06998456790123457
random_stratified,0,0.07,divacancy,165,20,2360,20,2360,1.0,0.06991525423728813
random_stratified,0,0.07,double_self_interstitial_defect,216,20,3090,20,3090,1.0,0.06990291262135923
random_stratified,0,0.07,gamma_surface,34,23,276,40,480,0.575,0.07083333333333333
random_stratified,0,0.07,liquid,1290,144,18432,144,18432,1.0,0.06998697916666667
random_stratified,0,0.07,ordered_alloys,148,83,1328,132,2112,0.6287878787878788,0.07007575757575757
random_stratified,0,0.07,phonon,76,20,1080,20,1080,1.0,0.07037037037037037
random_stratified,0,0.07,self_intersitial_defect,169,20,2420,20,2420,1.0,0.06983471074380165
random_stratified,0,0.07,short_range,152,38,2056,40,2165,0.95,0.07020785219399538
random_stratified,0,0.07,suface_liquid,193,20,2752,20,2752,1.0,0.07013081395348837
random_stratified,0,0.07,tri_vacancy,164,20,2340,20,2340,1.0,0.07008547008547009
random_stratified,0,0.07,vacancy,74,19,1007,20,1060,0.95,0.06981132075471698
random_stratified,0,0.07,Full,7104,1442,98965,1702,101486,0.8472385428907168,0.06999980292848275
random_stratified,0,0.075,BCC_alloys,2005,486,26244,495,26730,0.9818181818181818,0.07500935278713057
random_stratified,0,0.075,BCC_distorted,30,30,60,200,400,0.15,0.075
random_stratified,0,0.075,HEA_interstitial,550,56,7336,56,7336,1.0,0.07497273718647765
random_stratified,0,0.075,HEA_short_range,330,79,4345,80,4400,0.9875,0.075
random_stratified,0,0.075,HEA_small,324,78,4212,80,4320,0.975,0.075
random_stratified,0,0.075,HEA_surface,192,19,2557,19,2557,1.0,0.07508799374266718
random_stratified,0,0.075,HEA_vacancies,337,36,4492,36,4492,1.0,0.07502226179875333
random_stratified,0,0.075,binary_BCC_alloys,972,239,12906,240,12960,0.9958333333333333,0.075
random_stratified,0,0.075,divacancy,177,20,2360,20,2360,1.0,0.075
random_stratified,0,0.075,double_self_interstitial_defect,232,20,3090,20,3090,1.0,0.07508090614886731
random_stratified,0,0.075,gamma_surface,36,25,300,40,480,0.625,0.075
random_stratified,0,0.075,liquid,1382,144,18432,144,18432,1.0,0.0749782986111111
random_stratified,0,0.075,ordered_alloys,158,89,1424,132,2112,0.6742424242424242,0.07481060606060606
random_stratified,0,0.075,phonon,81,20,1080,20,1080,1.0,0.075
random_stratified,0,0.075,self_intersitial_defect,182,20,2420,20,2420,1.0,0.07520661157024794
random_stratified,0,0.075,short_range,162,38,2056,40,2165,0.95,0.07482678983833718
random_stratified,0,0.075,suface_liquid,206,20,2752,20,2752,1.0,0.07485465116279069
random_stratified,0,0.075,tri_vacancy,176,20,2340,20,2340,1.0,0.07521367521367521
random_stratified,0,0.075,vacancy,80,20,1060,20,1060,1.0,0.07547169811320754
random_stratified,0,0.075,Full,7612,1459,99466,1702,101486,0.8572267920094007,0.07500541946672447
random_stratified,0,0.08,BCC_alloys,2138,487,26298,495,26730,0.9838383838383838,0.0799850355405911
random_stratified,0,0.08,BCC_distorted,32,32,64,200,400,0.16,0.08
random_stratified,0,0.08,HEA_interstitial,587,56,7336,56,7336,1.0,0.08001635768811341
random_stratified,0,0.08,HEA_short_range,352,79,4345,80,4400,0.9875,0.08
random_stratified,0,0.08,HEA_small,346,78,4212,80,4320,0.975,0.08009259259259259
random_stratified,0,0.08,HEA_surface,205,19,2557,19,2557,1.0,0.08017207665232695
random_stratified,0,0.08,HEA_vacancies,359,36,4492,36,4492,1.0,0.07991985752448798
random_stratified,0,0.08,binary_BCC_alloys,1037,239,12906,240,12960,0.9958333333333333,0.08001543209876544
random_stratified,0,0.08,divacancy,189,20,2360,20,2360,1.0,0.08008474576271186
random_stratified,0,0.08,double_self_interstitial_defect,247,20,3090,20,3090,1.0,0.07993527508090614
random_stratified,0,0.08,gamma_surface,38,26,312,40,480,0.65,0.07916666666666666
random_stratified,0,0.08,liquid,1475,144,18432,144,18432,1.0,0.08002387152777778
random_stratified,0,0.08,ordered_alloys,169,93,1488,132,2112,0.7045454545454546,0.08001893939393939
random_stratified,0,0.08,phonon,86,20,1080,20,1080,1.0,0.07962962962962963
random_stratified,0,0.08,self_intersitial_defect,194,20,2420,20,2420,1.0,0.08016528925619834
random_stratified,0,0.08,short_range,173,39,2111,40,2165,0.975,0.07990762124711316
random_stratified,0,0.08,suface_liquid,220,20,2752,20,2752,1.0,0.07994186046511628
random_stratified,0,0.08,tri_vacancy,187,20,2340,20,2340,1.0,0.07991452991452991
random_stratified,0,0.08,vacancy,85,20,1060,20,1060,1.0,0.08018867924528301
random_stratified,0,0.08,Full,8119,1468,99655,1702,101486,0.8625146886016452,0.08000118242910352
random_stratified,0,0.085,BCC_alloys,2272,490,26460,495,26730,0.98989898989899,0.08499812944257389
random_stratified,0,0.085,BCC_distorted,34,34,68,200,400,0.17,0.085
random_stratified,0,0.085,HEA_interstitial,624,56,7336,56,7336,1.0,0.08505997818974918
random_stratified,0,0.085,HEA_short_range,374,79,4345,80,4400,0.9875,0.085
random_stratified,0,0.085,HEA_small,367,78,4212,80,4320,0.975,0.0849537037037037
random_stratified,0,0.085,HEA_surface,217,19,2557,19,2557,1.0,0.08486507626124365
random_stratified,0,0.085,HEA_vacancies,382,36,4492,36,4492,1.0,0.085040071237756
random_stratified,0,0.085,binary_BCC_alloys,1102,239,12906,240,12960,0.9958333333333333,0.08503086419753086
random_stratified,0,0.085,divacancy,201,20,2360,20,2360,1.0,0.08516949152542373
random_stratified,0,0.085,double_self_interstitial_defect,263,20,3090,20,3090,1.0,0.08511326860841424
random_stratified,0,0.085,gamma_surface,41,27,324,40,480,0.675,0.08541666666666667
random_stratified,0,0.085,liquid,1567,144,18432,144,18432,1.0,0.08501519097222222
random_stratified,0,0.085,ordered_alloys,180,100,1600,132,2112,0.7575757575757576,0.08522727272727272
random_stratified,0,0.085,phonon,92,20,1080,20,1080,1.0,0.08518518518518518
random_stratified,0,0.085,self_intersitial_defect,206,20,2420,20,2420,1.0,0.08512396694214876
random_stratified,0,0.085,short_range,184,40,2165,40,2165,1.0,0.08498845265588914
random_stratified,0,0.085,suface_liquid,234,20,2752,20,2752,1.0,0.08502906976744186
random_stratified,0,0.085,tri_vacancy,199,20,2340,20,2340,1.0,0.08504273504273505
random_stratified,0,0.085,vacancy,90,20,1060,20,1060,1.0,0.08490566037735849
random_stratified,0,0.085,Full,8629,1482,99999,1702,101486,0.8707403055229143,0.08502650611907062
random_stratified,0,0.09,BCC_alloys,2406,492,26568,495,26730,0.9939393939393939,0.09001122334455668
random_stratified,0,0.09,BCC_distorted,36,36,72,200,400,0.18,0.09
random_stratified,0,0.09,HEA_interstitial,660,56,7336,56,7336,1.0,0.08996728462377317
random_stratified,0,0.09,HEA_short_range,396,79,4345,80,4400,0.9875,0.09
random_stratified,0,0.09,HEA_small,389,79,4266,80,4320,0.9875,0.09004629629629629
random_stratified,0,0.09,HEA_surface,230,19,2557,19,2557,1.0,0.0899491591709034
random_stratified,0,0.09,HEA_vacancies,404,36,4492,36,4492,1.0,0.08993766696349065
random_stratified,0,0.09,binary_BCC_alloys,1166,240,12960,240,12960,1.0,0.08996913580246914
random_stratified,0,0.09,divacancy,212,20,2360,20,2360,1.0,0.08983050847457627
random_stratified,0,0.09,double_self_interstitial_defect,278,20,3090,20,3090,1.0,0.08996763754045307
random_stratified,0,0.09,gamma_surface,43,28,336,40,480,0.7,0.08958333333333333
random_stratified,0,0.09,liquid,1659,144,18432,144,18432,1.0,0.09000651041666667
random_stratified,0,0.09,ordered_alloys,190,104,1664,132,2112,0.7878787878787878,0.08996212121212122
random_stratified,0,0.09,phonon,97,20,1080,20,1080,1.0,0.08981481481481482
random_stratified,0,0.09,self_intersitial_defect,218,20,2420,20,2420,1.0,0.09008264462809917
random_stratified,0,0.09,short_range,195,40,2165,40,2165,1.0,0.09006928406466513
random_stratified,0,0.09,suface_liquid,248,20,2752,20,2752,1.0,0.09011627906976744
random_stratified,0,0.09,tri_vacancy,211,20,2340,20,2340,1.0,0.09017094017094017
random_stratified,0,0.09,vacancy,95,20,1060,20,1060,1.0,0.08962264150943396
random_stratified,0,0.09,Full,9133,1493,100295,1702,101486,0.8772032902467685,0.08999270835386161
random_stratified,0,0.095,BCC_alloys,2539,494,26676,495,26730,0.997979797979798,0.09498690609801722
random_stratified,0,0.095,BCC_distorted,38,38,76,200,400,0.19,0.095
random_stratified,0,0.095,HEA_interstitial,697,56,7336,56,7336,1.0,0.09501090512540894
random_stratified,0,0.095,HEA_short_range,418,79,4345,80,4400,0.9875,0.095
random_stratified,0,0.095,HEA_small,410,79,4266,80,4320,0.9875,0.09490740740740741
random_stratified,0,0.095,HEA_surface,243,19,2557,19,2557,1.0,0.09503324208056316
random_stratified,0,0.095,HEA_vacancies,427,36,4492,36,4492,1.0,0.09505788067675869
random_stratified,0,0.095,binary_BCC_alloys,1231,240,12960,240,12960,1.0,0.09498456790123457
random_stratified,0,0.095,divacancy,224,20,2360,20,2360,1.0,0.09491525423728814
random_stratified,0,0.095,double_self_interstitial_defect,294,20,3090,20,3090,1.0,0.09514563106796116
random_stratified,0,0.095,gamma_surface,46,28,336,40,480,0.7,0.09583333333333334
random_stratified,0,0.095,liquid,1751,144,18432,144,18432,1.0,0.0949978298611111
random_stratified,0,0.095,ordered_alloys,201,107,1712,132,2112,0.8106060606060606,0.09517045454545454
random_stratified,0,0.095,phonon,103,20,1080,20,1080,1.0,0.09537037037037037
random_stratified,0,0.095,self_intersitial_defect,230,20,2420,20,2420,1.0,0.09504132231404959
random_stratified,0,0.095,short_range,206,40,2165,40,2165,1.0,0.09515011547344111
random_stratified,0,0.095,suface_liquid,261,20,2752,20,2752,1.0,0.09484011627906977
random_stratified,0,0.095,tri_vacancy,222,20,2340,20,2340,1.0,0.09487179487179487
random_stratified,0,0.095,vacancy,101,20,1060,20,1060,1.0,0.09528301886792453
random_stratified,0,0.095,Full,9642,1500,100455,1702,101486,0.881316098707403,0.09500817846796603
random_stratified,0,0.1,BCC_alloys,2673,494,26676,495,26730,0.997979797979798,0.1
random_stratified,0,0.1,BCC_distorted,40,40,80,200,400,0.2,0.1
random_stratified,0,0.1,HEA_interstitial,734,56,7336,56,7336,1.0,0.10005452562704471
random_stratified,0,0.1,HEA_short_range,440,79,4345,80,4400,0.9875,0.1
random_stratified,0,0.1,HEA_small,432,79,4266,80,4320,0.9875,0.1
random_stratified,0,0.1,HEA_surface,256,19,2557,19,2557,1.0,0.10011732499022291
random_stratified,0,0.1,HEA_vacancies,449,36,4492,36,4492,1.0,0.09995547640249332
random_stratified,0,0.1,binary_BCC_alloys,1296,240,12960,240,12960,1.0,0.1
random_stratified,0,0.1,divacancy,236,20,2360,20,2360,1.0,0.1
random_stratified,0,0.1,double_self_interstitial_defect,309,20,3090,20,3090,1.0,0.1
random_stratified,0,0.1,gamma_surface,48,28,336,40,480,0.7,0.1
random_stratified,0,0.1,liquid,1843,144,18432,144,18432,1.0,0.09998914930555555
random_stratified,0,0.1,ordered_alloys,211,109,1744,132,2112,0.8257575757575758,0.09990530303030302
random_stratified,0,0.1,phonon,108,20,1080,20,1080,1.0,0.1
random_stratified,0,0.1,self_intersitial_defect,242,20,2420,20,2420,1.0,0.1
random_stratified,0,0.1,short_range,216,40,2165,40,2165,1.0,0.0997690531177829
random_stratified,0,0.1,suface_liquid,275,20,2752,20,2752,1.0,0.09992732558139535
random_stratified,0,0.1,tri_vacancy,234,20,2340,20,2340,1.0,0.1
random_stratified,0,0.1,vacancy,106,20,1060,20,1060,1.0,0.1
random_stratified,0,0.1,Full,10148,1504,100491,1702,101486,0.8836662749706228,0.0999940878544824
random_stratified,0,0.2,BCC_alloys,5346,495,26730,495,26730,1.0,0.2
random_stratified,0,0.2,BCC_distorted,80,72,144,200,400,0.36,0.2
random_stratified,0,0.2,HEA_interstitial,1467,56,7336,56,7336,1.0,0.19997273718647765
random_stratified,0,0.2,HEA_short_range,880,80,4400,80,4400,1.0,0.2
random_stratified,0,0.2,HEA_small,864,80,4320,80,4320,1.0,0.2
random_stratified,0,0.2,HEA_surface,511,19,2557,19,2557,1.0,0.19984356667970277
random_stratified,0,0.2,HEA_vacancies,898,36,4492,36,4492,1.0,0.19991095280498664
random_stratified,0,0.2,binary_BCC_alloys,2592,240,12960,240,12960,1.0,0.2
random_stratified,0,0.2,divacancy,472,20,2360,20,2360,1.0,0.2
random_stratified,0,0.2,double_self_interstitial_defect,618,20,3090,20,3090,1.0,0.2
random_stratified,0,0.2,gamma_surface,96,39,468,40,480,0.975,0.2
random_stratified,0,0.2,liquid,3686,144,18432,144,18432,1.0,0.1999782986111111
random_stratified,0,0.2,ordered_alloys,422,130,2080,132,2112,0.9848484848484849,0.19981060606060605
random_stratified,0,0.2,phonon,216,20,1080,20,1080,1.0,0.2
random_stratified,0,0.2,self_intersitial_defect,484,20,2420,20,2420,1.0,0.2
random_stratified,0,0.2,short_range,433,40,2165,40,2165,1.0,0.2
random_stratified,0,0.2,suface_liquid,550,20,2752,20,2752,1.0,0.1998546511627907
random_stratified,0,0.2,tri_vacancy,468,20,2340,20,2340,1.0,0.2
random_stratified,0,0.2,vacancy,212,20,1060,20,1060,1.0,0.2
random_stratified,0,0.2,Full,20295,1571,101186,1702,101486,0.9230317273795534,0.1999783221331021
random_stratified,0,0.3,BCC_alloys,8019,495,26730,495,26730,1.0,0.3
random_stratified,0,0.3,BCC_distorted,120,102,204,200,400,0.51,0.3
random_stratified,0,0.3,HEA_interstitial,2201,56,7336,56,7336,1.0,0.3000272628135224
random_stratified,0,0.3,HEA_short_range,1320,80,4400,80,4400,1.0,0.3
random_stratified,0,0.3,HEA_small,1296,80,4320,80,4320,1.0,0.3
random_stratified,0,0.3,HEA_surface,767,19,2557,19,2557,1.0,0.2999608916699257
random_stratified,0,0.3,HEA_vacancies,1348,36,4492,36,4492,1.0,0.30008904719501334
random_stratified,0,0.3,binary_BCC_alloys,3888,240,12960,240,12960,1.0,0.3
random_stratified,0,0.3,divacancy,708,20,2360,20,2360,1.0,0.3
random_stratified,0,0.3,double_self_interstitial_defect,927,20,3090,20,3090,1.0,0.3
random_stratified,0,0.3,gamma_surface,144,40,480,40,480,1.0,0.3
random_stratified,0,0.3,liquid,5530,144,18432,144,18432,1.0,0.3000217013888889
random_stratified,0,0.3,ordered_alloys,634,132,2112,132,2112,1.0,0.3001893939393939
random_stratified,0,0.3,phonon,324,20,1080,20,1080,1.0,0.3
random_stratified,0,0.3,self_intersitial_defect,726,20,2420,20,2420,1.0,0.3
random_stratified,0,0.3,short_range,650,40,2165,40,2165,1.0,0.3002309468822171
random_stratified,0,0.3,suface_liquid,826,20,2752,20,2752,1.0,0.3001453488372093
random_stratified,0,0.3,tri_vacancy,702,20,2340,20,2340,1.0,0.3
random_stratified,0,0.3,vacancy,318,20,1060,20,1060,1.0,0.3
random_stratified,0,0.3,Full,30448,1604,101290,1702,101486,0.9424206815511164,0.3000216778668979
random_stratified,0,0.4,BCC_alloys,10692,495,26730,495,26730,1.0,0.4
random_stratified,0,0.4,BCC_distorted,160,127,254,200,400,0.635,0.4
random_stratified,0,0.4,HEA_interstitial,2934,56,7336,56,7336,1.0,0.3999454743729553
random_stratified,0,0.4,HEA_short_range,1760,80,4400,80,4400,1.0,0.4
random_stratified,0,0.4,HEA_small,1728,80,4320,80,4320,1.0,0.4
random_stratified,0,0.4,HEA_surface,1023,19,2557,19,2557,1.0,0.4000782166601486
random_stratified,0,0.4,HEA_vacancies,1797,36,4492,36,4492,1.0,0.4000445235975067
random_stratified,0,0.4,binary_BCC_alloys,5184,240,12960,240,12960,1.0,0.4
random_stratified,0,0.4,divacancy,944,20,2360,20,2360,1.0,0.4
random_stratified,0,0.4,double_self_interstitial_defect,1236,20,3090,20,3090,1.0,0.4
random_stratified,0,0.4,gamma_surface,192,40,480,40,480,1.0,0.4
random_stratified,0,0.4,liquid,7373,144,18432,144,18432,1.0,0.4000108506944444
random_stratified,0,0.4,ordered_alloys,845,132,2112,132,2112,1.0,0.40009469696969696
random_stratified,0,0.4,phonon,432,20,1080,20,1080,1.0,0.4
random_stratified,0,0.4,self_intersitial_defect,968,20,2420,20,2420,1.0,0.4
random_stratified,0,0.4,short_range,866,40,2165,40,2165,1.0,0.4
random_stratified,0,0.4,suface_liquid,1101,20,2752,20,2752,1.0,0.40007267441860467
random_stratified,0,0.4,tri_vacancy,936,20,2340,20,2340,1.0,0.4
random_stratified,0,0.4,vacancy,424,20,1060,20,1060,1.0,0.4
random_stratified,0,0.4,Full,40595,1629,101340,1702,101486,0.9571092831962397,0.4000059121455176
random_stratified,0,0.5,BCC_alloys,13365,495,26730,495,26730,1.0,0.5
random_stratified,0,0.5,BCC_distorted,200,151,302,200,400,0.755,0.5
random_stratified,0,0.5,HEA_interstitial,3668,56,7336,56,7336,1.0,0.5
random_stratified,0,0.5,HEA_short_range,2200,80,4400,80,4400,1.0,0.5
random_stratified,0,0.5,HEA_small,2160,80,4320,80,4320,1.0,0.5
random_stratified,0,0.5,HEA_surface,1278,19,2557,19,2557,1.0,0.49980445834962844
random_stratified,0,0.5,HEA_vacancies,2246,36,4492,36,4492,1.0,0.5
random_stratified,0,0.5,binary_BCC_alloys,6480,240,12960,240,12960,1.0,0.5
random_stratified,0,0.5,divacancy,1180,20,2360,20,2360,1.0,0.5
random_stratified,0,0.5,double_self_interstitial_defect,1545,20,3090,20,3090,1.0,0.5
random_stratified,0,0.5,gamma_surface,240,40,480,40,480,1.0,0.5
random_stratified,0,0.5,liquid,9216,144,18432,144,18432,1.0,0.5
random_stratified,0,0.5,ordered_alloys,1056,132,2112,132,2112,1.0,0.5
random_stratified,0,0.5,phonon,540,20,1080,20,1080,1.0,0.5
random_stratified,0,0.5,self_intersitial_defect,1210,20,2420,20,2420,1.0,0.5
random_stratified,0,0.5,short_range,1082,40,2165,40,2165,1.0,0.4997690531177829
random_stratified,0,0.5,suface_liquid,1376,20,2752,20,2752,1.0,0.5
random_stratified,0,0.5,tri_vacancy,1170,20,2340,20,2340,1.0,0.5
random_stratified,0,0.5,vacancy,530,20,1060,20,1060,1.0,0.5
random_stratified,0,0.5,Full,50742,1653,101388,1702,101486,0.9712103407755581,0.4999901464241373
random_stratified,0,0.6,BCC_alloys,16038,495,26730,495,26730,1.0,0.6
random_stratified,0,0.6,BCC_distorted,240,167,334,200,400,0.835,0.6
random_stratified,0,0.6,HEA_interstitial,4402,56,7336,56,7336,1.0,0.6000545256270448
random_stratified,0,0.6,HEA_short_range,2640,80,4400,80,4400,1.0,0.6
random_stratified,0,0.6,HEA_small,2592,80,4320,80,4320,1.0,0.6
random_stratified,0,0.6,HEA_surface,1534,19,2557,19,2557,1.0,0.5999217833398514
random_stratified,0,0.6,HEA_vacancies,2695,36,4492,36,4492,1.0,0.5999554764024934
random_stratified,0,0.6,binary_BCC_alloys,7776,240,12960,240,12960,1.0,0.6
random_stratified,0,0.6,divacancy,1416,20,2360,20,2360,1.0,0.6
random_stratified,0,0.6,double_self_interstitial_defect,1854,20,3090,20,3090,1.0,0.6
random_stratified,0,0.6,gamma_surface,288,40,480,40,480,1.0,0.6
random_stratified,0,0.6,liquid,11059,144,18432,144,18432,1.0,0.5999891493055556
random_stratified,0,0.6,ordered_alloys,1267,132,2112,132,2112,1.0,0.599905303030303
random_stratified,0,0.6,phonon,648,20,1080,20,1080,1.0,0.6
random_stratified,0,0.6,self_intersitial_defect,1452,20,2420,20,2420,1.0,0.6
random_stratified,0,0.6,short_range,1299,40,2165,40,2165,1.0,0.6
random_stratified,0,0.6,suface_liquid,1651,20,2752,20,2752,1.0,0.5999273255813954
random_stratified,0,0.6,tri_vacancy,1404,20,2340,20,2340,1.0,0.6
random_stratified,0,0.6,vacancy,636,20,1060,20,1060,1.0,0.6
random_stratified,0,0.6,Full,60891,1669,101420,1702,101486,0.9806110458284372,0.5999940878544824
random_stratified,0,0.7,BCC_alloys,18711,495,26730,495,26730,1.0,0.7
random_stratified,0,0.7,BCC_distorted,280,181,362,200,400,0.905,0.7
random_stratified,0,0.7,HEA_interstitial,5135,56,7336,56,7336,1.0,0.6999727371864777
random_stratified,0,0.7,HEA_short_range,3080,80,4400,80,4400,1.0,0.7
random_stratified,0,0.7,HEA_small,3024,80,4320,80,4320,1.0,0.7
random_stratified,0,0.7,HEA_surface,1790,19,2557,19,2557,1.0,0.7000391083300743
random_stratified,0,0.7,HEA_vacancies,3144,36,4492,36,4492,1.0,0.6999109528049866
random_stratified,0,0.7,binary_BCC_alloys,9072,240,12960,240,12960,1.0,0.7
random_stratified,0,0.7,divacancy,1652,20,2360,20,2360,1.0,0.7
random_stratified,0,0.7,double_self_interstitial_defect,2163,20,3090,20,3090,1.0,0.7
random_stratified,0,0.7,gamma_surface,336,40,480,40,480,1.0,0.7
random_stratified,0,0.7,liquid,12902,144,18432,144,18432,1.0,0.6999782986111112
random_stratified,0,0.7,ordered_alloys,1478,132,2112,132,2112,1.0,0.6998106060606061
random_stratified,0,0.7,phonon,756,20,1080,20,1080,1.0,0.7
random_stratified,0,0.7,self_intersitial_defect,1694,20,2420,20,2420,1.0,0.7
random_stratified,0,0.7,short_range,1516,40,2165,40,2165,1.0,0.7002309468822171
random_stratified,0,0.7,suface_liquid,1926,20,2752,20,2752,1.0,0.6998546511627907
random_stratified,0,0.7,tri_vacancy,1638,20,2340,20,2340,1.0,0.7
random_stratified,0,0.7,vacancy,742,20,1060,20,1060,1.0,0.7
random_stratified,0,0.7,Full,71039,1683,101448,1702,101486,0.9888366627497063,0.6999881757089648
random_stratified,0,0.8,BCC_alloys,21384,495,26730,495,26730,1.0,0.8
random_stratified,0,0.8,BCC_distorted,320,191,382,200,400,0.955,0.8
random_stratified,0,0.8,HEA_interstitial,5869,56,7336,56,7336,1.0,0.8000272628135223
random_stratified,0,0.8,HEA_short_range,3520,80,4400,80,4400,1.0,0.8
random_stratified,0,0.8,HEA_small,3456,80,4320,80,4320,1.0,0.8
random_stratified,0,0.8,HEA_surface,2046,19,2557,19,2557,1.0,0.8001564333202972
random_stratified,0,0.8,HEA_vacancies,3594,36,4492,36,4492,1.0,0.8000890471950134
random_stratified,0,0.8,binary_BCC_alloys,10368,240,12960,240,12960,1.0,0.8
random_stratified,0,0.8,divacancy,1888,20,2360,20,2360,1.0,0.8
random_stratified,0,0.8,double_self_interstitial_defect,2472,20,3090,20,3090,1.0,0.8
random_stratified,0,0.8,gamma_surface,384,40,480,40,480,1.0,0.8
random_stratified,0,0.8,liquid,14746,144,18432,144,18432,1.0,0.8000217013888888
random_stratified,0,0.8,ordered_alloys,1690,132,2112,132,2112,1.0,0.8001893939393939
random_stratified,0,0.8,phonon,864,20,1080,20,1080,1.0,0.8
random_stratified,0,0.8,self_intersitial_defect,1936,20,2420,20,2420,1.0,0.8
random_stratified,0,0.8,short_range,1732,40,2165,40,2165,1.0,0.8
random_stratified,0,0.8,suface_liquid,2202,20,2752,20,2752,1.0,0.8001453488372093
random_stratified,0,0.8,tri_vacancy,1872,20,2340,20,2340,1.0,0.8
random_stratified,0,0.8,vacancy,848,20,1060,20,1060,1.0,0.8
random_stratified,0,0.8,Full,81191,1693,101468,1702,101486,0.9947121034077556,0.8000216778668979
random_stratified,0,0.9,BCC_alloys,24057,495,26730,495,26730,1.0,0.9
random_stratified,0,0.9,BCC_distorted,360,199,398,200,400,0.995,0.9
random_stratified,0,0.9,HEA_interstitial,6602,56,7336,56,7336,1.0,0.8999454743729552
random_stratified,0,0.9,HEA_short_range,3960,80,4400,80,4400,1.0,0.9
random_stratified,0,0.9,HEA_small,3888,80,4320,80,4320,1.0,0.9
random_stratified,0,0.9,HEA_surface,2301,19,2557,19,2557,1.0,0.899882675009777
random_stratified,0,0.9,HEA_vacancies,4043,36,4492,36,4492,1.0,0.9000445235975066
random_stratified,0,0.9,binary_BCC_alloys,11664,240,12960,240,12960,1.0,0.9
random_stratified,0,0.9,divacancy,2124,20,2360,20,2360,1.0,0.9
random_stratified,0,0.9,double_self_interstitial_defect,2781,20,3090,20,3090,1.0,0.9
random_stratified,0,0.9,gamma_surface,432,40,480,40,480,1.0,0.9
random_stratified,0,0.9,liquid,16589,144,18432,144,18432,1.0,0.9000108506944444
random_stratified,0,0.9,ordered_alloys,1901,132,2112,132,2112,1.0,0.900094696969697
random_stratified,0,0.9,phonon,972,20,1080,20,1080,1.0,0.9
random_stratified,0,0.9,self_intersitial_defect,2178,20,2420,20,2420,1.0,0.9
random_stratified,0,0.9,short_range,1949,40,2165,40,2165,1.0,0.900230946882217
random_stratified,0,0.9,suface_liquid,2477,20,2752,20,2752,1.0,0.9000726744186046
random_stratified,0,0.9,tri_vacancy,2106,20,2340,20,2340,1.0,0.9
random_stratified,0,0.9,vacancy,954,20,1060,20,1060,1.0,0.9
random_stratified,0,0.9,Full,91338,1701,101484,1702,101486,0.999412455934195,0.9000059121455176
random_stratified,0,1.0,BCC_alloys,26730,495,26730,495,26730,1.0,1.0
random_stratified,0,1.0,BCC_distorted,400,200,400,200,400,1.0,1.0
random_stratified,0,1.0,HEA_interstitial,7336,56,7336,56,7336,1.0,1.0
random_stratified,0,1.0,HEA_short_range,4400,80,4400,80,4400,1.0,1.0
random_stratified,0,1.0,HEA_small,4320,80,4320,80,4320,1.0,1.0
random_stratified,0,1.0,HEA_surface,2557,19,2557,19,2557,1.0,1.0
random_stratified,0,1.0,HEA_vacancies,4492,36,4492,36,4492,1.0,1.0
random_stratified,0,1.0,binary_BCC_alloys,12960,240,12960,240,12960,1.0,1.0
random_stratified,0,1.0,divacancy,2360,20,2360,20,2360,1.0,1.0
random_stratified,0,1.0,double_self_interstitial_defect,3090,20,3090,20,3090,1.0,1.0
random_stratified,0,1.0,gamma_surface,480,40,480,40,480,1.0,1.0
random_stratified,0,1.0,liquid,18432,144,18432,144,18432,1.0,1.0
random_stratified,0,1.0,ordered_alloys,2112,132,2112,132,2112,1.0,1.0
random_stratified,0,1.0,phonon,1080,20,1080,20,1080,1.0,1.0
random_stratified,0,1.0,self_intersitial_defect,2420,20,2420,20,2420,1.0,1.0
random_stratified,0,1.0,short_range,2165,40,2165,40,2165,1.0,1.0
random_stratified,0,1.0,suface_liquid,2752,20,2752,20,2752,1.0,1.0
random_stratified,0,1.0,tri_vacancy,2340,20,2340,20,2340,1.0,1.0
random_stratified,0,1.0,vacancy,1060,20,1060,20,1060,1.0,1.0
random_stratified,0,1.0,Full,101486,1702,101486,1702,101486,1.0,1.0
