scope,subsample,rep,n,h,H,f_uniq
global,1.0,0,134720,0.004999999999999999,11.346671519963715,0.9606905321775329
global,1.0,0,134720,0.005626677913003822,11.30778704924283,0.9573982942023201
global,1.0,0,134720,0.006331900867337016,11.259424340950805,0.9533035607040544
global,1.0,0,134720,0.007125513351514988,11.197303003225846,0.9480439230302601
global,1.0,0,134720,0.008018593718756654,11.118808471774786,0.9413980134293637
global,1.0,0,134720,0.00902360883413585,11.024575683868902,0.9334195902413303
global,1.0,0,134720,0.010154588104523677,10.915298058399639,0.9241673632792248
global,1.0,0,134720,0.011427319320674952,10.785424214428732,0.9131713128462118
global,1.0,0,134720,0.01285956904529672,10.619628855329351,0.8991338894938649
global,1.0,0,134720,0.01447133062358375,10.398713816742365,0.8804296390347989
global,1.0,0,134720,0.016285103278298914,10.114001306526529,0.8563238373928274
global,1.0,0,134720,0.018326206185398135,9.774083844593962,0.8275439888860753
global,1.0,0,134720,0.020623131914506758,9.392016738061757,0.7951954493821197
global,1.0,0,134720,0.023207944168063883,8.96750759057512,0.7592534625099667
global,1.0,0,134720,0.026116725371334214,8.486488898719912,0.718526972609147
global,1.0,0,134720,0.029390080361374554,7.941416068355877,0.6723772002678381
global,1.0,0,134720,0.03307370320615074,7.34715174320425,0.6220625234236578
global,1.0,0,134720,0.03721901506625844,6.733647163992859,0.5701188287763812
global,1.0,0,134720,0.04188388200341457,6.129718027667534,0.5189858597507871
global,1.0,0,134720,0.047133422755894265,5.5546289179319634,0.47029469407199653
global,1.0,0,134720,0.05304091775697241,5.018056769091519,0.4248646503526365
global,1.0,0,134720,0.05968883208572181,4.523221281803323,0.38296833152584936
global,1.0,0,134720,0.067169966629945,4.069835827052887,0.34458146952500573
global,1.0,0,134720,0.0755887535307831,3.656003126618391,0.30954342717810324
global,1.0,0,134720,0.08506271399262945,3.2791530525043497,0.27763659902900395
global,1.0,0,134720,0.09572409880849786,2.936445985926796,0.24862056259998397
global,1.0,0,134720,0.10772173450159415,2.625012560047696,0.22225237672985826
global,1.0,0,134720,0.1212231008541164,2.3421386513332925,0.19830224426820678
global,1.0,0,134720,0.1364166688243384,2.085268390272195,0.17655376698434544
global,1.0,0,134720,0.15351453148789246,1.8518484080191908,0.15679075837191087
global,1.0,0,134720,0.1727553647296109,1.6392693827051614,0.13879229454052208
global,1.0,0,134720,0.19440775901540433,1.4450666808599941,0.12234970195663585
global,1.0,0,134720,0.2187739687537092,1.2672075636386146,0.10729087438104215
global,1.0,0,134720,0.24619413158533693,1.1042216080621983,0.09349131526587073
global,1.0,0,134720,0.27705101650047453,0.9551916597343345,0.08087337174669997
global,1.0,0,134720,0.3117753670636956,0.8196296082492289,0.0693957168983008
global,1.0,0,134720,0.35085191433519125,0.6972529953166601,0.059034435777451946
global,1.0,0,134720,0.3948261434249862,0.5878744947214899,0.04977366800421772
global,1.0,0,134720,0.4443119081371701,0.4913771631394561,0.041603512318636335
global,1.0,0,134720,0.5,0.40751170004671333,0.034502861151628726
global,0.25,0,33680,0.004999999999999999,10.108665962033685,0.9696878821527201
global,0.25,0,33680,0.005626677913003822,10.08417831316366,0.9673388702790606
global,0.25,0,33680,0.006331900867337016,10.054126307083852,0.9644560896787897
global,0.25,0,33680,0.007125513351514988,10.01570781555575,0.9607707422921705
global,0.25,0,33680,0.008018593718756654,9.964977998046173,0.9559044137887248
global,0.25,0,33680,0.00902360883413585,9.899452319320742,0.9496187716606216
global,0.25,0,33680,0.010154588104523677,9.819472528275513,0.9419465986473922
global,0.25,0,33680,0.011427319320674952,9.725323832136697,0.932915253650023
global,0.25,0,33680,0.01285956904529672,9.612112404103215,0.9220552895066252
global,0.25,0,33680,0.01447133062358375,9.467266375628798,0.9081607321914349
global,0.25,0,33680,0.016285103278298914,9.275545408745753,0.8897696310274105
global,0.25,0,33680,0.018326206185398135,9.030029932137973,0.8662182164845149
global,0.25,0,33680,0.020623131914506758,8.736815491353735,0.8380912122716404
global,0.25,0,33680,0.023207944168063883,8.405496758464906,0.806309000690098
global,0.25,0,33680,0.026116725371334214,8.035554335330911,0.7708217577487871
global,0.25,0,33680,0.029390080361374554,7.615365893382037,0.7305145953686305
global,0.25,0,33680,0.03307370320615074,7.137662582287907,0.6846902389429665
global,0.25,0,33680,0.03721901506625844,6.613348864809389,0.6343947142718674
global,0.25,0,33680,0.04188388200341457,6.067333769383271,0.5820174546516823
global,0.25,0,33680,0.047133422755894265,5.525468061837933,0.5300382308515998
global,0.25,0,33680,0.05304091775697241,5.006326537424941,0.48023885601457705
global,0.25,0,33680,0.05968883208572181,4.520064099148472,0.4335934533755265
global,0.25,0,33680,0.067169966629945,4.070683738518164,0.39048601547845285
global,0.25,0,33680,0.0755887535307831,3.6585876301950555,0.35095512148867664
global,0.25,0,33680,0.08506271399262945,3.282312716256118,0.31486042553423244
global,0.25,0,33680,0.09572409880849786,2.93953982792575,0.28197945811550335
global,0.25,0,33680,0.10772173450159415,2.627669472851248,0.25206285930273875
global,0.25,0,33680,0.1212231008541164,2.344143783992515,0.22486526213235958
global,0.25,0,33680,0.1364166688243384,2.086532370234926,0.20015352794674315
global,0.25,0,33680,0.15351453148789246,1.8523923425729367,0.17769331921064832
global,0.25,0,33680,0.1727553647296109,1.639187545445677,0.15724135166442424
global,0.25,0,33680,0.19440775901540433,1.4444855549957027,0.13856429165675818
global,0.25,0,33680,0.2187739687537092,1.2662525840589238,0.12146704531717273
global,0.25,0,33680,0.24619413158533693,1.1029984450949888,0.10580666432731996
global,0.25,0,33680,0.27705101650047453,0.9537779116632471,0.09149247652246205
global,0.25,0,33680,0.3117753670636956,0.8180893960684749,0.07847636640331135
global,0.25,0,33680,0.35085191433519125,0.6956558820778351,0.06673176080134584
global,0.25,0,33680,0.3948261434249862,0.5862989327668725,0.056241542905700194
global,0.25,0,33680,0.4443119081371701,0.48989597556838704,0.0469939547718994
global,0.25,0,33680,0.5,0.4061690852242236,0.0389623360318999
global,0.25,1,33680,0.004999999999999999,10.11119797367373,0.9699307689009857
global,0.25,1,33680,0.005626677913003822,10.08646538654226,0.967558260982953
global,0.25,1,33680,0.006331900867337016,10.056360547567238,0.9646704123135164
global,0.25,1,33680,0.007125513351514988,10.018221875862606,0.9610119070337612
global,0.25,1,33680,0.008018593718756654,9.968342520781986,0.9562271603250531
global,0.25,1,33680,0.00902360883413585,9.904194684949225,0.9500736896982686
global,0.25,1,33680,0.010154588104523677,9.825821516132795,0.9425556341632816
global,0.25,1,33680,0.011427319320674952,9.73313602178152,0.9336646488382819
global,0.25,1,33680,0.01285956904529672,9.62072304155327,0.9228812769142898
global,0.25,1,33680,0.01447133062358375,9.475240510144904,0.908925662167355
global,0.25,1,33680,0.016285103278298914,9.280856364772559,0.8902790918920965
global,0.25,1,33680,0.018326206185398135,9.031111275721637,0.8663219458760548
global,0.25,1,33680,0.020623131914506758,8.733371380734184,0.8377608311565541
global,0.25,1,33680,0.023207944168063883,8.398044155879141,0.8055940993920376
global,0.25,1,33680,0.026116725371334214,8.02507824825448,0.7698168244837506
global,0.25,1,33680,0.029390080361374554,7.603305939468151,0.7293577274680056
global,0.25,1,33680,0.03307370320615074,7.125233670142164,0.6834979782093213
global,0.25,1,33680,0.03721901506625844,6.6012082533621275,0.6332301091848511
global,0.25,1,33680,0.04188388200341457,6.055829054413457,0.5809138488212245
global,0.25,1,33680,0.047133422755894265,5.5147939885674475,0.5290143054847439
global,0.25,1,33680,0.05304091775697241,4.996578442948236,0.47930375645508594
global,0.25,1,33680,0.05968883208572181,4.511311042572919,0.4327538042145997
global,0.25,1,33680,0.067169966629945,4.062977186512539,0.3897467537280794
global,0.25,1,33680,0.0755887535307831,3.6519326368368503,0.35031673196828933
global,0.25,1,33680,0.08506271399262945,3.2766797396963883,0.3143200744007658
global,0.25,1,33680,0.09572409880849786,2.9348987006785583,0.28153425151079076
global,0.25,1,33680,0.10772173450159415,2.623995487848784,0.25171042716683867
global,0.25,1,33680,0.1212231008541164,2.341415666329282,0.22460356364028755
global,0.25,1,33680,0.1364166688243384,2.084714968540701,0.19997919115428087
global,0.25,1,33680,0.15351453148789246,1.8514127312761604,0.177599348630626
global,0.25,1,33680,0.1727553647296109,1.6389403107492067,0.15721763533131805
global,0.25,1,33680,0.19440775901540433,1.4448547446065665,0.1385997066851324
global,0.25,1,33680,0.2187739687537092,1.2671275361907919,0.12155097632082075
global,0.25,1,33680,0.24619413158533693,1.1042791496845044,0.10592951770141847
global,0.25,1,33680,0.27705101650047453,0.9553937477296541,0.09164747785092864
global,0.25,1,33680,0.3117753670636956,0.8199871560097818,0.07865841167271007
global,0.25,1,33680,0.35085191433519125,0.6977569546643261,0.06693330911981789
global,0.25,1,33680,0.3948261434249862,0.5884787276160223,0.056450642767020984
global,0.25,1,33680,0.4443119081371701,0.4920149251257504,0.0471972179637375
global,0.25,1,33680,0.5,0.40813193455377406,0.03915062509165371
global,0.5,0,67360,0.004999999999999999,10.723427120430964,0.9645272182779245
global,0.5,0,67360,0.005626677913003822,10.692212611399897,0.961719604328809
global,0.5,0,67360,0.006331900867337016,10.653556749446562,0.9582426719469076
global,0.5,0,67360,0.007125513351514988,10.60354967708057,0.9537447458770325
global,0.5,0,67360,0.008018593718756654,10.538508525346812,0.9478945675291207
global,0.5,0,67360,0.00902360883413585,10.457646626798535,0.9406213794712803
global,0.5,0,67360,0.010154588104523677,10.362328488592846,0.9320479133897325
global,0.5,0,67360,0.011427319320674952,10.250872096084512,0.9220228791336098
global,0.5,0,67360,0.01285956904529672,10.113192387271138,0.9096391677451053
global,0.5,0,67360,0.01447133062358375,9.931886930310412,0.8933315035910071
global,0.5,0,67360,0.016285103278298914,9.693139170354645,0.8718571456088019
global,0.5,0,67360,0.018326206185398135,9.397971929654517,0.8453080923628633
global,0.5,0,67360,0.020623131914506758,9.058397986004861,0.8147648427478181
global,0.5,0,67360,0.023207944168063883,8.6812209386945,0.7808393519364512
global,0.5,0,67360,0.026116725371334214,8.25847361692957,0.7428150063874898
global,0.5,0,67360,0.029390080361374554,7.777414363095425,0.6995457475286807
global,0.5,0,67360,0.03307370320615074,7.240074864890832,0.6512143171330123
global,0.5,0,67360,0.03721901506625844,6.668171898981994,0.5997740480252033
global,0.5,0,67360,0.04188388200341457,6.090602144191321,0.5478240750647564
global,0.5,0,67360,0.047133422755894265,5.530875741981519,0.49747903670556126
global,0.5,0,67360,0.05304091775697241,5.0030587985030515,0.4500041201014017
global,0.5,0,67360,0.05968883208572181,4.513403903447431,0.40596171942668285
global,0.5,0,67360,0.067169966629945,4.063336606503004,0.3654800568868598
global,0.5,0,67360,0.0755887535307831,3.6518129585993737,0.3284652336488836
global,0.5,0,67360,0.08506271399262945,3.2766654530866948,0.294722291595718
global,0.5,0,67360,0.09572409880849786,2.935257417775084,0.2640140731410561
global,0.5,0,67360,0.10772173450159415,2.624844431584365,0.23609372913858342
global,0.5,0,67360,0.1212231008541164,2.342787570998137,0.210723899504631
global,0.5,0,67360,0.1364166688243384,2.0865544010905204,0.18767680235686804
global,0.5,0,67360,0.15351453148789246,1.8535953403097283,0.16672311354599978
global,0.5,0,67360,0.1727553647296109,1.641310450997713,0.14762897960252908
global,0.5,0,67360,0.19440775901540433,1.4472551830710054,0.13017452351647862
global,0.5,0,67360,0.2187739687537092,1.269428452361218,0.11417975617384614
global,0.5,0,67360,0.24619413158533693,1.1064039116405107,0.09951638363384974
global,0.5,0,67360,0.27705101650047453,0.9573095930232084,0.08610597604847979
global,0.5,0,67360,0.3117753670636956,0.8216781463492214,0.07390649723426525
global,0.5,0,67360,0.35085191433519125,0.6992191050746427,0.06289182094588813
global,0.5,0,67360,0.3948261434249862,0.5897245391226763,0.053043244746495403
global,0.5,0,67360,0.4443119081371701,0.4930697444721453,0.04434955203328806
global,0.5,0,67360,0.5,0.40901872120532357,0.03678951560514823
global,0.5,1,67360,0.004999999999999999,10.72704678236944,0.964852791662386
global,0.5,1,67360,0.005626677913003822,10.695646390281459,0.9620284583132319
global,0.5,1,67360,0.006331900867337016,10.656901851947088,0.9585435498634032
global,0.5,1,67360,0.007125513351514988,10.606899680294546,0.9540460645921139
global,0.5,1,67360,0.008018593718756654,10.541957240978068,0.9482047650114265
global,0.5,1,67360,0.00902360883413585,10.461371148514752,0.9409563845522132
global,0.5,1,67360,0.010154588104523677,10.36658307616011,0.9324305956670573
global,0.5,1,67360,0.011427319320674952,10.256031959586796,0.9224869871780492
global,0.5,1,67360,0.01285956904529672,10.119638879453356,0.9102190026339273
global,0.5,1,67360,0.01447133062358375,9.939533337974186,0.8940192658363165
global,0.5,1,67360,0.016285103278298914,9.701062355414697,0.8725698028181108
global,0.5,1,67360,0.018326206185398135,9.404851072645107,0.845926842374248
global,0.5,1,67360,0.020623131914506758,9.063320275748593,0.8152075820307694
global,0.5,1,67360,0.023207944168063883,8.68388217148742,0.7810787186458173
global,0.5,1,67360,0.026116725371334214,8.258843535171792,0.7428482789792792
global,0.5,1,67360,0.029390080361374554,7.775554088203857,0.6993784236175611
global,0.5,1,67360,0.03307370320615074,7.236341810777063,0.6508785445987658
global,0.5,1,67360,0.03721901506625844,6.6631886397430105,0.5993258247922989
global,0.5,1,67360,0.04188388200341457,6.084932073545328,0.54731407603122
global,0.5,1,67360,0.047133422755894265,5.524881121447079,0.49693984577305617
global,0.5,1,67360,0.05304091775697241,4.996909553101339,0.4494510213116947
global,0.5,1,67360,0.05968883208572181,4.507114988551477,0.4053960579527475
global,0.5,1,67360,0.067169966629945,4.056873584826088,0.36489873523943345
global,0.5,1,67360,0.0755887535307831,3.645160997399331,0.32786691768512366
global,0.5,1,67360,0.08506271399262945,3.2698554422490216,0.2941097597310505
global,0.5,1,67360,0.09572409880849786,2.9283715281645355,0.26339471629955
global,0.5,1,67360,0.10772173450159415,2.6180044648487675,0.2354785028667482
global,0.5,1,67360,0.1212231008541164,2.336127809429992,0.21012488193053114
global,0.5,1,67360,0.1364166688243384,2.0802012574315545,0.1871053637755373
global,0.5,1,67360,0.15351453148789246,1.8476581522181168,0.16618908842044228
global,0.5,1,67360,0.1727553647296109,1.635878452681639,0.1471403941748806
global,0.5,1,67360,0.19440775901540433,1.4423863321482038,0.12973659083096317
global,0.5,1,67360,0.2187739687537092,1.265138435266539,0.1137938871593767
global,0.5,1,67360,0.24619413158533693,1.102662478630409,0.09917985745307949
global,0.5,1,67360,0.27705101650047453,0.9540473887675864,0.08581255448084173
global,0.5,1,67360,0.3117753670636956,0.8188103790831662,0.07364855361673213
global,0.5,1,67360,0.35085191433519125,0.6966761590742233,0.06266309363656158
global,0.5,1,67360,0.3948261434249862,0.587471423610516,0.05284058647195346
global,0.5,1,67360,0.4443119081371701,0.4910935052628198,0.044171797618974856
global,0.5,1,67360,0.5,0.40730865259841187,0.036635702118287636
