scope,paper_h,paper_f,h_at_paper_f,inflect_h,kappa_lo_h,kappa_hi_h,mid_lo_h,inflect_f,kappa_lo_f,kappa_hi_f,mid_lo_f
HD liquid_2.0gcc_6000|gauss,,,,0.05580235982398514,0.19003340831906507,0.032104989965606,0.1029772432608232,0.6992608132092488,0.138710605688053,0.9740778217586802,0.34350852048660635
HD liquid_2.0gcc_6000|real,,,,0.049200290860872076,0.16652425786048808,0.027832477391230095,0.09051542366981925,0.7010710432193042,0.15878390197184838,0.9695354923822896,0.3649352578488597
HD liquid_2.0gcc_6000|shuffle,,,,0.07895315164597773,0.1986871304916069,0.05361835084742622,0.12524765524275497,0.7168649222265407,0.1494625498126337,0.9811338032163824,0.34335468189478313
HD liquid_2.0gcc_7000|gauss,,,,0.061754304763411594,0.1894506849250411,0.03536604890802707,0.10816374316053441,0.681283551904082,0.1384701338016301,0.9715644088330905,0.3367490762440597
HD liquid_2.0gcc_7000|real,,,,0.058253960387608626,0.19120423774334216,0.033004757020837217,0.1055386379078466,0.6839697413027231,0.13240158215825806,0.9670995425759024,0.33553215986227286
HD liquid_2.0gcc_7000|shuffle,,,,0.07345573177062518,0.18915999365020533,0.04996162551892507,0.11787657000143263,0.7165300524539739,0.14735416849240995,0.9786019013156804,0.3431783514670532
HD liquid_2.5gcc_6000|gauss,,,,0.04684111489155538,0.14414180106811114,0.027832477391230095,0.08216911016012718,0.6950682581207926,0.13955397949548373,0.9744653431827246,0.3409047215608398
HD liquid_2.5gcc_6000|real,,,,0.04439009860165109,0.14840920361805712,0.026054073834032083,0.08116587449167334,0.7011415284892967,0.13211634560817373,0.9747354881208735,0.33828638789647325
HD liquid_2.5gcc_6000|shuffle,,,,0.053208253916245285,0.14458516077183764,0.03646903926226654,0.0877104551742213,0.7337789991302904,0.14717445031315374,0.9831477873943034,0.3479007807948093
HD liquid_3.0gcc_8000|gauss,,,,0.0474929584947292,0.1539806574939197,0.028612503992980327,0.08551606267450487,0.7123850023927969,0.1498344793249305,0.9772906615602572,0.3542522231632125
HD liquid_3.0gcc_8000|real,,,,0.04337932353452108,0.14592343894304763,0.025578376283964994,0.07956167462528924,0.7022807283199183,0.14175875702461332,0.9659521474088069,0.3481582072043587
HD liquid_3.0gcc_8000|shuffle,,,,0.06586831794918219,0.16910108589742504,0.043915505580433674,0.10553863790784662,0.7139456736726976,0.1506396723699042,0.982281567530051,0.34802427105660017
HD liquid_3.6gcc_6000|gauss,,,,0.042783939809181604,0.13369414405775987,0.026214597588970767,0.07563043178646578,0.7108730331878286,0.1409525058950461,0.9783900275792947,0.3453482131336356
HD liquid_3.6gcc_6000|real,,,,0.0409205059388583,0.1324680219494333,0.02368800706128954,0.07362512124873273,0.6843099997639558,0.13660377688438652,0.958528766587997,0.33833241196374686
HD liquid_3.6gcc_6000|shuffle,,,,0.05215662138770363,0.1361805402261696,0.03602377411444091,0.08427761788843624,0.7310704795852482,0.14868279641923388,0.983824362293564,0.34802977640286253
LD liquid_0.5gcc_1000|gauss,,,,0.07255888123858148,0.3458729939132693,0.03778007089870401,0.15841766785616282,0.7007779280177421,0.11975362148536353,0.9700834297916564,0.33394998147604416
LD liquid_0.5gcc_1000|real,,,,0.032551764821146675,0.5,0.010497294307115117,0.12757696661456305,0.6459135617084653,0.0640784534053901,0.9537733773294097,0.26661844782338057
LD liquid_0.5gcc_1000|shuffle,,,,0.11153713569569615,0.3638513486356511,0.07189343662192249,0.20145207183307068,0.7189414532433469,0.1293365145811777,0.9755779925233022,0.33088819326863944
LD liquid_1.0gcc_2000|gauss,,,,0.055545885975211005,0.197167483184445,0.031957431862914526,0.10465105130376147,0.7118352020034473,0.16043880672402014,0.9731418354329182,0.36569520373064196
LD liquid_1.0gcc_2000|real,,,,0.03703336811175999,0.07968394088349003,0.020885439988666862,0.05432278265455487,0.7148780767981626,0.3650946798564252,0.9564062131436025,0.5167546093891395
LD liquid_1.0gcc_2000|shuffle,,,,0.08886278517814604,0.247477009443664,0.06261368116001681,0.14829530109454692,0.7445851958108959,0.14383156441296288,0.9800977964733835,0.34955015837560127
diamond_0.0gcc_CC|gauss,,,,0.008011335433619872,0.028524765865322682,0.004999999999999902,0.015116926523356862,0.6982620803162903,0.1358398017414304,0.9502645350821064,0.3394506792495554
diamond_0.0gcc_CC|real,,,,0.021046412285543922,0.038012840594573556,0.004999999999999902,0.028284870784538785,0.1813264963866369,0.07995156431283047,0.4355101957076784,0.12506642428971074
diamond_0.0gcc_CC|shuffle,,,,0.0128362990859949,0.030425058700624504,0.008906770343900345,0.01976221529055302,0.7170704034015176,0.15104780214215846,0.9833994189234536,0.34112071529751764
diamond_3.67gcc_3000|gauss,,,,0.01785751216514185,0.05520575356776607,0.011439924424414508,0.03139804796356304,0.7288427574031452,0.1554671733576464,0.9798520899353498,0.35972063715142233
diamond_3.67gcc_3000|real,,,,0.020129745945870945,0.05701498451040318,0.013338655364698734,0.03387767927857786,0.5496179425287424,0.14253490738766433,0.7413866201708206,0.29746841629969223
diamond_3.67gcc_3000|shuffle,,,,0.023219826338780045,0.06165954956321071,0.016111626820101692,0.0378381293536712,0.7370098516792366,0.1485034402159193,0.984282779363455,0.3487844242040912
diamond_3.68gcc_300|gauss,,,,0.008893103882747347,0.02905525932150339,0.005688381001035798,0.016074558764902165,0.727996906519276,0.14364854767237084,0.9785254843391687,0.3489274357751284
diamond_3.68gcc_300|real,,,,0.009485554024906933,0.027789771510605313,0.005457360902808185,0.016235805462115706,0.5402842731254484,0.14042348263597146,0.7799700464676079,0.29940549473380884
diamond_3.68gcc_300|shuffle,,,,0.012601932818898496,0.030895861845418593,0.008545042998393078,0.01973189234102838,0.7102175154096015,0.1501922731252423,0.9806762193059743,0.34153057309882257
graphite_0.0gcc_CC|gauss,,,,0.014852319362771529,0.12457631862818945,0.00611409888607874,0.0430145006864459,0.6844809726680435,0.09213426111167435,0.9625137305703582,0.31211384722149277
graphite_0.0gcc_CC|real,,,,0.06678494518588214,0.17145430616955512,0.02991545731264224,0.10700731956000577,0.18254541047181272,0.05730148783053272,0.29195830807185247,0.11081965663060955
graphite_0.0gcc_CC|shuffle,,,,0.04980842188883252,0.1178765700014326,0.03574824831067411,0.07662405581434498,0.7306794816243507,0.15057269280712643,0.9837480257406073,0.34291451209753476
graphite_2.39gcc_300|gauss,,,,0.01085797733181982,0.0335154789080642,0.007009476372952126,0.019076433373375806,0.7282766367105074,0.149785431835198,0.9801145942813788,0.3535831566415224
graphite_2.39gcc_300|real,,,,0.01065973143567578,0.03580318436598921,0.0064319075630094565,0.019535924085730648,0.6696692487951947,0.13405955329849473,0.9198831453363597,0.3293743489623034
graphite_2.39gcc_300|shuffle,,,,0.014693527034290386,0.03675012048526839,0.010561969993136763,0.02323766100242707,0.739067318874226,0.15013217627506936,0.9826446026708225,0.3471715060442904
graphite_2.56gcc_1500|gauss,,,,0.018728134190778137,0.054114641532668976,0.01220204133442699,0.03183498497423363,0.7185159047325264,0.14471394505452795,0.9781080750323423,0.3462957122599215
graphite_2.56gcc_1500|real,,,,0.01841444923549677,0.055375558623374,0.011145153210163811,0.03193290486563031,0.6834864169545668,0.13814183562388266,0.9522510204811699,0.33625794903524686
graphite_2.56gcc_1500|shuffle,,,,0.022174421496175493,0.055375558623374,0.015696480388611298,0.03504170340467014,0.7343907225242681,0.15038538631349266,0.9838969792075383,0.34695339408310477
graphite_2.67gcc_3000|gauss,,,,0.024690763854467647,0.07200391872937381,0.01579318917923467,0.04216434220930346,0.71581792547788,0.14272936345607284,0.9795097082081953,0.34511184313740295
graphite_2.67gcc_3000|real,,,,0.02318419806473842,0.07178312403713441,0.014053557548723462,0.04079502623338548,0.6864394137979201,0.1377611887783001,0.9501194851912778,0.337553743882244
graphite_2.67gcc_3000|shuffle,,,,0.027366300176943758,0.07134356372831936,0.019461070977005727,0.04418607677404845,0.7393596544686604,0.14989693288299918,0.9817754830289294,0.34914655326627814
