,h_real,h_gauss,h_shuffle,f_real,f_gauss,f_shuffle,f015_real,f015_gauss,h_gauss/h_real,h_shuf/h_real
HD liquid_2.0gcc_6000,0.0905154236698192,0.1029772432608232,0.1252476552427549,0.3649352578488597,0.3435085204866063,0.3433546818947831,0.997991261242078,0.9999959759551406,1.137676200207183,1.383716168634767
HD liquid_2.0gcc_7000,0.1055386379078466,0.1081637431605344,0.1178765700014326,0.3355321598622728,0.3367490762440597,0.3431783514670532,0.9999533023464124,0.999999291343086,1.0248734047049193,1.1169044090218327
HD liquid_2.5gcc_6000,0.0811658744916733,0.0821691101601271,0.0877104551742213,0.3382863878964732,0.3409047215608398,0.3479007807948093,0.999957538404702,0.9999891084317668,1.0123603136753823,1.08063217113763
HD liquid_3.0gcc_8000,0.0795616746252892,0.0855160626745048,0.1055386379078466,0.3481582072043587,0.3542522231632125,0.3480242710566001,0.9925167593205716,0.9999964700037416,1.0748399034743665,1.3265009617369272
HD liquid_3.6gcc_6000,0.0736251212487327,0.0756304317864657,0.0842776178884362,0.3383324119637468,0.3453482131336356,0.3480297764028625,0.9863959783773576,0.9999907242915114,1.0272367705984256,1.1446856244041412
LD liquid_0.5gcc_1000,0.127576966614563,0.1584176678561628,0.2014520718330706,0.2666184478233805,0.3339499814760441,0.3308881932686394,0.8955015107805998,0.9999966718453638,1.2417419230132354,1.57906303291957
LD liquid_1.0gcc_2000,0.0543227826545548,0.1046510513037614,0.1482953010945469,0.5167546093891395,0.3656952037306419,0.3495501583756012,0.99326640318962,0.9999938482187763,1.9264670583841443,2.729891471826375
diamond_0.0gcc_CC,0.0282848707845387,0.0151169265233568,0.019762215290553,0.1250664242897107,0.3394506792495554,0.3411207152975176,0.2527175732192868,0.3589744680325752,0.5344527340609289,0.6986850122488655
diamond_3.67gcc_3000,0.0338776792785778,0.031398047963563,0.0378381293536712,0.2974684162996922,0.3597206371514223,0.3487844242040912,0.713005695179121,0.8820842671529676,0.9268063406992942,1.116904409021835
diamond_3.68gcc_300,0.0162358054621157,0.0160745587649021,0.0197318923410283,0.2994054947338088,0.3489274357751284,0.3415305730988225,0.3451892455954961,0.4022513065019736,0.9900684510177306,1.2153319025083356
graphite_0.0gcc_CC,0.1070073195600057,0.0430145006864459,0.0766240558143449,0.1108196566306095,0.3121138472214927,0.3429145120975347,0.3329187821837849,0.6948226072883473,0.4019771812181967,0.7160636873197912
graphite_2.39gcc_300,0.0195359240857306,0.0190764333733758,0.023237661002427,0.3293743489623034,0.3535831566415224,0.3471715060442904,0.4799835330534945,0.5142994587892559,0.9764797042444273,1.1894835842139773
graphite_2.56gcc_1500,0.0319329048656303,0.0318349849742336,0.0350417034046701,0.3362579490352468,0.3462957122599215,0.3469533940831047,0.8482819744614584,0.9114036029693844,0.9969335739479782,1.0973540788763578
graphite_2.67gcc_3000,0.0407950262333854,0.0421643422093034,0.0441860767740484,0.337553743882244,0.3451118431374029,0.3491465532662781,0.9437185248478313,0.9920747456644956,1.0335657579452024,1.0831241171721044
