scope,fraction,k,radius
Si-diamond,0.01,6,0.05493218315704306
Si-diamond,0.015,10,0.0420191478678069
Si-diamond,0.02,13,0.03767209301461827
Si-diamond,0.025,16,0.03435883575474272
Si-diamond,0.03,19,0.03215249537725455
Si-diamond,0.035,22,0.02851955439001424
Si-diamond,0.04,26,0.027127088756388376
Si-diamond,0.045,29,0.025265900845693856
Si-diamond,0.05,32,0.02344258571124571
Si-diamond,0.055,35,0.02264067015501881
Si-diamond,0.06,38,0.022051183462064722
Si-diamond,0.065,42,0.021165739064153557
Si-diamond,0.07,45,0.02088508535932541
Si-diamond,0.075,48,0.020356116782886555
Si-diamond,0.08,51,0.019852100927984496
Si-diamond,0.085,54,0.01958914758390382
Si-diamond,0.09,58,0.01932570061246416
Si-diamond,0.095,61,0.019133523674703758
Si-diamond,0.1,64,0.018396607650180183
Si-diamond,0.2,128,0.013389950391408289
Si-diamond,0.3,192,0.010792009817041183
Si-diamond,0.4,256,0.009698253938496682
Si-diamond,0.5,320,0.00841488668926469
Si-diamond,0.6,384,0.007356698815097346
Si-diamond,0.7,448,0.006614363859445345
Si-diamond,0.8,512,0.005777421663183219
Si-diamond,0.9,576,0.0042003541342981576
Si-diamond,1.0,640,0.0
beta_cristobalite,0.01,19,0.143615294657279
beta_cristobalite,0.015,29,0.12481293986801245
beta_cristobalite,0.02,38,0.11569277864569473
beta_cristobalite,0.025,48,0.11171187799832695
beta_cristobalite,0.03,58,0.10477928578907546
beta_cristobalite,0.035,67,0.10116145842551089
beta_cristobalite,0.04,77,0.09769042370814728
beta_cristobalite,0.045,86,0.09588854208429576
beta_cristobalite,0.05,96,0.09344815298738081
beta_cristobalite,0.055,106,0.09171112600739847
beta_cristobalite,0.06,115,0.08909627708937408
beta_cristobalite,0.065,125,0.08632503176019363
beta_cristobalite,0.07,134,0.08503246584930421
beta_cristobalite,0.075,144,0.0837925338915223
beta_cristobalite,0.08,154,0.08228661887867537
beta_cristobalite,0.085,163,0.08146398682419116
beta_cristobalite,0.09,173,0.08037085643190965
beta_cristobalite,0.095,182,0.07940239861466225
beta_cristobalite,0.1,192,0.07863602398123982
beta_cristobalite,0.2,384,0.06469680498067143
beta_cristobalite,0.3,576,0.05764201001317854
beta_cristobalite,0.4,768,0.05217759820805038
beta_cristobalite,0.5,960,0.047631829680692184
beta_cristobalite,0.6,1152,0.042709958425477944
beta_cristobalite,0.7,1344,0.03548699670040356
beta_cristobalite,0.8,1536,0.02716002731479176
beta_cristobalite,0.9,1728,0.021052794079404392
beta_cristobalite,1.0,1920,0.0
beta_quartz,0.01,7,0.138268973457519
beta_quartz,0.015,11,0.10961234362627295
beta_quartz,0.02,14,0.09656494730098086
beta_quartz,0.025,18,0.08566657623207079
beta_quartz,0.03,22,0.07551644849653798
beta_quartz,0.035,25,0.07106463496373774
beta_quartz,0.04,29,0.06734742050611979
beta_quartz,0.045,32,0.06488263905850539
beta_quartz,0.05,36,0.06141095247778295
beta_quartz,0.055,40,0.060062563385071585
beta_quartz,0.06,43,0.05813008275932906
beta_quartz,0.065,47,0.05630710669971046
beta_quartz,0.07,50,0.05508279983485302
beta_quartz,0.075,54,0.05366652993763315
beta_quartz,0.08,58,0.052512372693382194
beta_quartz,0.085,61,0.05118109932962428
beta_quartz,0.09,65,0.049540698958245276
beta_quartz,0.095,68,0.0490595103525328
beta_quartz,0.1,72,0.04857110087500551
beta_quartz,0.2,144,0.036903210210334346
beta_quartz,0.3,216,0.031272879807824054
beta_quartz,0.4,288,0.027625674140264914
beta_quartz,0.5,360,0.023493382272889468
beta_quartz,0.6,432,0.019217449857572684
beta_quartz,0.7,504,0.012983140429988604
beta_quartz,0.8,576,0.010218969500222826
beta_quartz,0.9,648,0.008693600495490653
beta_quartz,1.0,720,0.0
beta_tridymite,0.01,10,0.09854333425862269
beta_tridymite,0.015,14,0.08676030993141122
beta_tridymite,0.02,19,0.07513663244081344
beta_tridymite,0.025,24,0.06287652088547926
beta_tridymite,0.03,29,0.05792258838412858
beta_tridymite,0.035,34,0.05376417815820626
beta_tridymite,0.04,38,0.05153622969515141
beta_tridymite,0.045,43,0.049083803253428614
beta_tridymite,0.05,48,0.04710585649044333
beta_tridymite,0.055,53,0.04461832734984635
beta_tridymite,0.06,58,0.04261215669779576
beta_tridymite,0.065,62,0.04063603178039684
beta_tridymite,0.07,67,0.040317959674498076
beta_tridymite,0.075,72,0.03934225991891345
beta_tridymite,0.08,77,0.03866990209613932
beta_tridymite,0.085,82,0.03703219770675496
beta_tridymite,0.09,86,0.03561441900158295
beta_tridymite,0.095,91,0.03483263052150744
beta_tridymite,0.1,96,0.03464389018567727
beta_tridymite,0.2,192,0.02658331560315664
beta_tridymite,0.3,288,0.022080896591005886
beta_tridymite,0.4,384,0.018797242729414215
beta_tridymite,0.5,480,0.016630260122975003
beta_tridymite,0.6,576,0.014294219890922312
beta_tridymite,0.7,672,0.011472011840303447
beta_tridymite,0.8,768,0.009605622838333008
beta_tridymite,0.9,864,0.008023279650954581
beta_tridymite,1.0,960,0.0
bulk_amo,0.01,480,0.11429849536135686
bulk_amo,0.015,720,0.10555235763077969
bulk_amo,0.02,960,0.09961416195605438
bulk_amo,0.025,1200,0.09534496317353884
bulk_amo,0.03,1440,0.0919830382509009
bulk_amo,0.035,1680,0.08903604750395737
bulk_amo,0.04,1920,0.08684682924481428
bulk_amo,0.045,2160,0.08468970489446935
bulk_amo,0.05,2400,0.08297477513507234
bulk_amo,0.055,2640,0.0813849282485431
bulk_amo,0.06,2880,0.07994105074514771
bulk_amo,0.065,3120,0.07874812532645867
bulk_amo,0.07,3360,0.07763825421044514
bulk_amo,0.075,3600,0.07648891104319136
bulk_amo,0.08,3840,0.07551644849653798
bulk_amo,0.085,4080,0.07457287279932258
bulk_amo,0.09,4320,0.07360262871899144
bulk_amo,0.095,4560,0.07277848001518246
bulk_amo,0.1,4800,0.07202272575731007
bulk_amo,0.2,9600,0.06128075586535067
bulk_amo,0.3,14400,0.05472890104188947
bulk_amo,0.4,19200,0.04936472725537001
bulk_amo,0.5,24000,0.04438527592700321
bulk_amo,0.6,28800,0.03934831956622223
bulk_amo,0.7,33600,0.034343219284386106
bulk_amo,0.8,38400,0.02934972446708734
bulk_amo,0.9,43200,0.024030185155008363
bulk_amo,1.0,48000,0.0
chabazite,0.01,173,0.05255321893388168
chabazite,0.015,259,0.047312916198270535
chabazite,0.02,346,0.0433361644309116
chabazite,0.025,432,0.04035637884948021
chabazite,0.03,518,0.03870379739114906
chabazite,0.035,605,0.03688059101715174
chabazite,0.04,691,0.035359115215296236
chabazite,0.045,778,0.0339943356002919
chabazite,0.05,864,0.03282034643907433
chabazite,0.055,950,0.03170445914208579
chabazite,0.06,1037,0.03081979265245996
chabazite,0.065,1123,0.030123431279662462
chabazite,0.07,1210,0.029313146523053973
chabazite,0.075,1296,0.028484002961006328
chabazite,0.08,1382,0.02794317173403222
chabazite,0.085,1469,0.02723454056129754
chabazite,0.09,1555,0.02657883085987662
chabazite,0.095,1642,0.02612190600604542
chabazite,0.1,1728,0.02556375022013364
chabazite,0.2,3456,0.01936575392094916
chabazite,0.3,5184,0.0160576988793021
chabazite,0.4,6912,0.0139395531480666
chabazite,0.5,8640,0.012323661586058557
chabazite,0.6,10368,0.011080864958896696
chabazite,0.7,12096,0.009838594570122015
chabazite,0.8,13824,0.008624766471023289
chabazite,0.9,15552,0.007176239480810092
chabazite,1.0,17280,0.0
coesite,0.01,77,0.08332029876494261
coesite,0.015,115,0.0752998715018383
coesite,0.02,154,0.06991464588153354
coesite,0.025,192,0.06590169069844917
coesite,0.03,230,0.06228601062149209
coesite,0.035,269,0.060163700583656936
coesite,0.04,307,0.057788658380997095
coesite,0.045,346,0.05589060943833653
coesite,0.05,384,0.05447126964665819
coesite,0.055,422,0.053043167816199846
coesite,0.06,461,0.051737079426396326
coesite,0.065,499,0.050228929951301314
coesite,0.07,538,0.04899629244109836
coesite,0.075,576,0.04795110819215202
coesite,0.08,614,0.046834292219850776
coesite,0.085,653,0.04585166333425188
coesite,0.09,691,0.045112536962699595
coesite,0.095,730,0.044307319714944005
coesite,0.1,768,0.04360764367532443
coesite,0.2,1536,0.030162978928672854
coesite,0.3,2304,0.023068382443393976
coesite,0.4,3072,0.019445613038808474
coesite,0.5,3840,0.01743512799937219
coesite,0.6,4608,0.015663100519868595
coesite,0.7,5376,0.013793405167798374
coesite,0.8,6144,0.012323661586058557
coesite,0.9,6912,0.011080864958896696
coesite,1.0,7680,0.0
liquid,0.01,480,0.16214540379938805
liquid,0.015,720,0.15071922172774704
liquid,0.02,960,0.14337229657472136
liquid,0.025,1200,0.1374761040470669
liquid,0.03,1440,0.13305014498192744
liquid,0.035,1680,0.12933371212172998
liquid,0.04,1920,0.12610613642742893
liquid,0.045,2160,0.1236200455616841
liquid,0.05,2400,0.12117838209377625
liquid,0.055,2640,0.11906255446705612
liquid,0.06,2880,0.11717020542955993
liquid,0.065,3120,0.11534707974960916
liquid,0.07,3360,0.1137496210448272
liquid,0.075,3600,0.11235350501480285
liquid,0.08,3840,0.11110195810977049
liquid,0.085,4080,0.10991535224350363
liquid,0.09,4320,0.10874539771152386
liquid,0.095,4560,0.1075405505680508
liquid,0.1,4800,0.10649233837955162
liquid,0.2,9600,0.09224510332876627
liquid,0.3,14400,0.08356602289139269
liquid,0.4,19200,0.07696588865437351
liquid,0.5,24000,0.07138264405693161
liquid,0.6,28800,0.06619048126105681
liquid,0.7,33600,0.060911985093071094
liquid,0.8,38400,0.05491807558204098
liquid,0.9,43200,0.047158970576756394
liquid,1.0,48000,0.0
low_cristobalite,0.01,19,0.06996577925038269
low_cristobalite,0.015,29,0.0600089511552235
low_cristobalite,0.02,38,0.05599076617270427
low_cristobalite,0.025,48,0.05258043213270236
low_cristobalite,0.03,58,0.05079063915603845
low_cristobalite,0.035,67,0.048010736536257245
low_cristobalite,0.04,77,0.04626577572216668
low_cristobalite,0.045,86,0.04443627653302131
low_cristobalite,0.05,96,0.04350363985815673
low_cristobalite,0.055,106,0.04214237767055318
low_cristobalite,0.06,115,0.04154696755113799
low_cristobalite,0.065,125,0.04081166737102903
low_cristobalite,0.07,134,0.039806153754275035
low_cristobalite,0.075,144,0.038882029397692294
low_cristobalite,0.08,154,0.038273277230987154
low_cristobalite,0.085,163,0.037951108499654385
low_cristobalite,0.09,173,0.03750559447201469
low_cristobalite,0.095,182,0.03712222228271135
low_cristobalite,0.1,192,0.03642525762023098
low_cristobalite,0.2,384,0.029944820520433523
low_cristobalite,0.3,576,0.026806596154903915
low_cristobalite,0.4,768,0.024193338167651356
low_cristobalite,0.5,960,0.021710677808023153
low_cristobalite,0.6,1152,0.019155317622981477
low_cristobalite,0.7,1344,0.01613546058775225
low_cristobalite,0.8,1536,0.012187484349949887
low_cristobalite,0.9,1728,0.008686741638016209
low_cristobalite,1.0,1920,0.0
low_quartz,0.01,14,0.11495783323036542
low_quartz,0.015,22,0.09224768791299308
low_quartz,0.02,29,0.08168027362220956
low_quartz,0.025,36,0.0774768647148298
low_quartz,0.03,43,0.07470224402553896
low_quartz,0.035,50,0.0711182939689961
low_quartz,0.04,58,0.06837855478701449
low_quartz,0.045,65,0.06691947527636964
low_quartz,0.05,72,0.06507527027989936
low_quartz,0.055,79,0.06292769009186537
low_quartz,0.06,86,0.06158153878549523
low_quartz,0.065,94,0.060713998809905925
low_quartz,0.07,101,0.05933571569967597
low_quartz,0.075,108,0.057418221078473046
low_quartz,0.08,115,0.05703492871269077
low_quartz,0.085,122,0.05656691391725441
low_quartz,0.09,130,0.055933251246201514
low_quartz,0.095,137,0.055229768250694214
low_quartz,0.1,144,0.05429810447124211
low_quartz,0.2,288,0.044196871140150876
low_quartz,0.3,432,0.038753046715848574
low_quartz,0.4,576,0.034664529979099315
low_quartz,0.5,720,0.0307772158385145
low_quartz,0.6,864,0.027199500932041903
low_quartz,0.7,1008,0.02298555135925746
low_quartz,0.8,1152,0.016587195069788115
low_quartz,0.9,1296,0.010918300671385692
low_quartz,1.0,1440,0.0
low_tridymite,0.01,230,0.06000497797342981
low_tridymite,0.015,346,0.05535696882229357
low_tridymite,0.02,461,0.05230538399811658
low_tridymite,0.025,576,0.04997911016862015
low_tridymite,0.03,691,0.048424848319364076
low_tridymite,0.035,806,0.04682156378036585
low_tridymite,0.04,922,0.04551766088445866
low_tridymite,0.045,1037,0.04428848214003901
low_tridymite,0.05,1152,0.04339938680329877
low_tridymite,0.055,1267,0.04255336776656305
low_tridymite,0.06,1382,0.04161004351638612
low_tridymite,0.065,1498,0.04072394426170516
low_tridymite,0.07,1613,0.04006584946174011
low_tridymite,0.075,1728,0.03948441577059381
low_tridymite,0.08,1843,0.03890042058329983
low_tridymite,0.085,1958,0.03835728159861882
low_tridymite,0.09,2074,0.03783155733440906
low_tridymite,0.095,2189,0.03730801073221302
low_tridymite,0.1,2304,0.036832074542277556
low_tridymite,0.2,4608,0.030166930842077125
low_tridymite,0.3,6912,0.02514529919840573
low_tridymite,0.4,9216,0.020887939097858826
low_tridymite,0.5,11520,0.01750336750872551
low_tridymite,0.6,13824,0.014858519584670838
low_tridymite,0.7,16128,0.013010656830541239
low_tridymite,0.8,18432,0.01109161786289116
low_tridymite,0.9,20736,0.009264485332524549
low_tridymite,1.0,23040,0.0
moganite,0.01,58,0.06485139732767184
moganite,0.015,86,0.060159737622114996
moganite,0.02,115,0.05559120094326487
moganite,0.025,144,0.05235777709671951
moganite,0.03,173,0.05053651965990473
moganite,0.035,202,0.04851216130323945
moganite,0.04,230,0.046801191076788366
moganite,0.045,259,0.045499324416290704
moganite,0.05,288,0.04361311069016134
moganite,0.055,317,0.042776893232263746
moganite,0.06,346,0.04169018399636047
moganite,0.065,374,0.041015625
moganite,0.07,403,0.040187653014750496
moganite,0.075,432,0.03955982246197089
moganite,0.08,461,0.03853711625463992
moganite,0.085,490,0.03788823385657489
moganite,0.09,518,0.0372120290688626
moganite,0.095,547,0.036435074426128186
moganite,0.1,576,0.03558093105905601
moganite,0.2,1152,0.025187930422908067
moganite,0.3,1728,0.020716018980074635
moganite,0.4,2304,0.017612000778194758
moganite,0.5,2880,0.015456241983734778
moganite,0.6,3456,0.013913873875756842
moganite,0.7,4032,0.012323661586058557
moganite,0.8,4608,0.010951006587893459
moganite,0.9,5184,0.009765625
moganite,1.0,5760,0.0
quench,0.01,480,0.14119857797311863
quench,0.015,720,0.1314247784156085
quench,0.02,960,0.12465716076544717
quench,0.025,1200,0.11980117538970918
quench,0.03,1440,0.11568865699127687
quench,0.035,1680,0.11242775186602477
quench,0.04,1920,0.10993161937086163
quench,0.045,2160,0.1075322364555682
quench,0.05,2400,0.10537828875168914
quench,0.055,2640,0.1035536210484741
quench,0.06,2880,0.10178995338733436
quench,0.065,3120,0.10029990999592388
quench,0.07,3360,0.098827208262176
quench,0.075,3600,0.09760252428386282
quench,0.08,3840,0.09631401806426515
quench,0.085,4080,0.09524613868716386
quench,0.09,4320,0.09406101770595449
quench,0.095,4560,0.09307875336183107
quench,0.1,4800,0.0921041337998067
quench,0.2,9600,0.0793565948053413
quench,0.3,14400,0.07171752928648621
quench,0.4,19200,0.06597942736804731
quench,0.5,24000,0.061033203093749
quench,0.6,28800,0.05642554124970593
quench,0.7,33600,0.05154779397885921
quench,0.8,38400,0.046200025210022755
quench,0.9,43200,0.03939676319129748
quench,1.0,48000,0.0
stishovite,0.01,10,0.12600021731645522
stishovite,0.015,14,0.10164462950292608
stishovite,0.02,19,0.08961524099424735
stishovite,0.025,24,0.08062704867340242
stishovite,0.03,29,0.07557167884729589
stishovite,0.035,34,0.07195151858446998
stishovite,0.04,38,0.0676934641625913
stishovite,0.045,43,0.06567337433044891
stishovite,0.05,48,0.0639424758123479
stishovite,0.055,53,0.06115807934316866
stishovite,0.06,58,0.05969026089818799
stishovite,0.065,62,0.05847970672492136
stishovite,0.07,67,0.05736421557695848
stishovite,0.075,72,0.05645511106560404
stishovite,0.08,77,0.05488767772029842
stishovite,0.085,82,0.05366652993763315
stishovite,0.09,86,0.051868248925349615
stishovite,0.095,91,0.050846937683378175
stishovite,0.1,96,0.04973762335252673
stishovite,0.2,192,0.03778426195733028
stishovite,0.3,288,0.0322265625
stishovite,0.4,384,0.027195117803992815
stishovite,0.5,480,0.024000401811415054
stishovite,0.6,576,0.020402912515406425
stishovite,0.7,672,0.0170549308560283
stishovite,0.8,768,0.014302557144410947
stishovite,0.9,864,0.011554843326366438
stishovite,1.0,960,0.0
tridymite_C2221,0.01,19,0.05808494910789034
tridymite_C2221,0.015,29,0.04784408822366774
tridymite_C2221,0.02,38,0.043104477574127685
tridymite_C2221,0.025,48,0.039964560067657036
tridymite_C2221,0.03,58,0.038453504750385115
tridymite_C2221,0.035,67,0.0369225870613468
tridymite_C2221,0.04,77,0.035788051175407606
tridymite_C2221,0.045,86,0.035173200123929695
tridymite_C2221,0.05,96,0.03380091464819684
tridymite_C2221,0.055,106,0.03238155201482276
tridymite_C2221,0.06,115,0.03184327585093822
tridymite_C2221,0.065,125,0.03093175969670284
tridymite_C2221,0.07,134,0.030304923142935352
tridymite_C2221,0.075,144,0.029628655188043095
tridymite_C2221,0.08,154,0.029215381448538264
tridymite_C2221,0.085,163,0.028758895161381293
tridymite_C2221,0.09,173,0.028479817522300166
tridymite_C2221,0.095,182,0.028273972054303566
tridymite_C2221,0.1,192,0.02765586378614511
tridymite_C2221,0.2,384,0.021760039018708197
tridymite_C2221,0.3,576,0.01859960640111417
tridymite_C2221,0.4,768,0.016623090361864455
tridymite_C2221,0.5,960,0.014874556847390447
tridymite_C2221,0.6,1152,0.012927931928587624
tridymite_C2221,0.7,1344,0.011198579044120815
tridymite_C2221,0.8,1536,0.009862797791369216
tridymite_C2221,0.9,1728,0.008513474499102879
tridymite_C2221,1.0,1920,0.0
tridymite_P212121,0.01,58,0.06342207697657387
tridymite_P212121,0.015,86,0.05745557976593948
tridymite_P212121,0.02,115,0.052887869781449236
tridymite_P212121,0.025,144,0.05038295953687453
tridymite_P212121,0.03,173,0.04789389470001508
tridymite_P212121,0.035,202,0.04584646325900587
tridymite_P212121,0.04,230,0.0442938651217836
tridymite_P212121,0.045,259,0.043349916268414126
tridymite_P212121,0.05,288,0.04228639666916204
tridymite_P212121,0.055,317,0.04109692463379065
tridymite_P212121,0.06,346,0.040433107682930014
tridymite_P212121,0.065,374,0.03972221238166551
tridymite_P212121,0.07,403,0.03882680357252165
tridymite_P212121,0.075,432,0.038267047349407515
tridymite_P212121,0.08,461,0.0376736751776569
tridymite_P212121,0.085,490,0.03712864425703199
tridymite_P212121,0.09,518,0.036546147267898885
tridymite_P212121,0.095,547,0.03601053528807088
tridymite_P212121,0.1,576,0.03559098075027719
tridymite_P212121,0.2,1152,0.02918680494898136
tridymite_P212121,0.3,1728,0.02560568476977909
tridymite_P212121,0.4,2304,0.022787620878082098
tridymite_P212121,0.5,2880,0.02029747040119778
tridymite_P212121,0.6,3456,0.017960521638427266
tridymite_P212121,0.7,4032,0.014850494458735888
tridymite_P212121,0.8,4608,0.011283417976847015
tridymite_P212121,0.9,5184,0.00939227737386296
tridymite_P212121,1.0,5760,0.0
