orig_index,labeled_index,natoms,density_gcc,group,dup_of_orig
0,167,384,2.674,graphite_2.67gcc_3000,-1
1,10,384,2.674,graphite_2.67gcc_3000,-1
2,545,64,1.000,LD liquid_1.0gcc_2000,-1
3,196,64,0.500,LD liquid_0.5gcc_1000,-1
4,52,216,3.679,diamond_3.67gcc_3000,-1
5,432,384,2.391,graphite_2.39gcc_300,-1
6,6,200,3.599,HD liquid_3.6gcc_6000,-1
7,6,200,3.599,HD liquid_3.6gcc_6000,6
8,8,200,3.599,HD liquid_3.6gcc_6000,-1
9,219,64,2.000,HD liquid_2.0gcc_6000,-1
10,130,384,2.391,graphite_2.39gcc_300,-1
11,635,384,2.674,graphite_2.67gcc_3000,-1
12,187,216,3.679,diamond_3.67gcc_3000,-1
13,112,64,1.000,LD liquid_1.0gcc_2000,-1
14,16,200,3.599,HD liquid_3.0gcc_8000,-1
15,372,64,0.500,LD liquid_0.5gcc_1000,-1
16,305,216,3.679,diamond_3.67gcc_3000,-1
17,280,216,3.563,diamond_3.68gcc_300,-1
18,597,64,2.000,HD liquid_2.0gcc_6000,-1
19,597,64,2.000,HD liquid_2.0gcc_6000,18
20,308,384,2.674,graphite_2.67gcc_3000,-1
21,0,512,3.000,HD liquid_3.0gcc_8000,-1
22,651,64,2.000,HD liquid_2.0gcc_6000,-1
23,384,384,2.674,graphite_2.67gcc_3000,-1
24,569,216,3.563,diamond_3.68gcc_300,-1
25,551,384,2.391,graphite_2.39gcc_300,-1
26,110,64,0.500,LD liquid_0.5gcc_1000,-1
27,50,384,2.674,graphite_2.67gcc_3000,-1
28,489,216,3.679,diamond_3.67gcc_3000,-1
29,506,64,2.000,HD liquid_2.0gcc_7000,-1
30,481,216,3.679,diamond_3.67gcc_3000,-1
31,21,200,3.599,HD liquid_3.6gcc_6000,-1
32,147,64,2.000,HD liquid_2.0gcc_7000,-1
33,287,216,3.679,diamond_3.67gcc_3000,-1
34,25,200,3.599,HD liquid_3.0gcc_8000,-1
35,648,64,0.500,LD liquid_0.5gcc_1000,-1
36,543,64,1.000,LD liquid_1.0gcc_2000,-1
37,254,64,3.000,HD liquid_3.0gcc_8000,-1
38,27,200,3.599,HD liquid_3.0gcc_8000,-1
39,164,64,1.000,LD liquid_1.0gcc_2000,-1
40,43,512,3.000,HD liquid_3.0gcc_8000,-1
41,425,384,2.562,graphite_2.56gcc_1500,-1
42,29,200,3.599,HD liquid_3.6gcc_6000,-1
43,657,216,3.679,diamond_3.67gcc_3000,-1
44,32,200,2.503,HD liquid_2.5gcc_6000,-1
45,282,64,2.000,HD liquid_2.0gcc_7000,-1
46,244,384,2.674,graphite_2.67gcc_3000,-1
47,482,64,2.000,HD liquid_2.0gcc_6000,-1
48,37,200,3.599,HD liquid_3.6gcc_6000,-1
49,391,64,2.000,HD liquid_2.0gcc_7000,-1
50,681,512,3.000,HD liquid_3.0gcc_8000,-1
51,161,216,3.563,diamond_3.68gcc_300,-1
52,496,384,2.335,graphite_0.0gcc_CC,-1
53,497,384,2.674,graphite_2.67gcc_3000,-1
54,48,200,3.599,HD liquid_3.6gcc_6000,-1
55,656,64,1.000,LD liquid_1.0gcc_2000,-1
56,592,64,0.500,LD liquid_0.5gcc_1000,-1
57,427,64,0.500,LD liquid_0.5gcc_1000,-1
58,519,216,3.563,diamond_3.68gcc_300,-1
59,509,64,2.000,HD liquid_2.0gcc_6000,-1
60,236,64,2.000,HD liquid_2.0gcc_6000,-1
61,494,512,3.000,HD liquid_3.0gcc_8000,-1
62,51,200,3.599,HD liquid_3.6gcc_6000,-1
63,53,200,3.599,HD liquid_3.0gcc_8000,-1
64,454,64,1.000,LD liquid_1.0gcc_2000,-1
65,55,200,3.599,HD liquid_3.0gcc_8000,-1
66,49,384,2.674,graphite_2.67gcc_3000,-1
67,578,64,0.500,LD liquid_0.5gcc_1000,-1
68,76,64,1.000,LD liquid_1.0gcc_2000,-1
69,349,384,2.391,graphite_2.39gcc_300,-1
70,65,200,3.599,HD liquid_3.6gcc_6000,-1
71,114,64,1.000,LD liquid_1.0gcc_2000,-1
72,205,216,3.679,diamond_3.67gcc_3000,-1
73,258,64,0.500,LD liquid_0.5gcc_1000,-1
74,71,200,3.599,HD liquid_3.6gcc_6000,-1
75,399,216,3.679,diamond_3.67gcc_3000,-1
76,212,64,1.000,LD liquid_1.0gcc_2000,-1
77,73,200,3.599,HD liquid_3.6gcc_6000,-1
78,223,216,3.679,diamond_3.67gcc_3000,-1
79,322,384,2.562,graphite_2.56gcc_1500,-1
80,159,384,2.674,graphite_2.67gcc_3000,-1
81,340,64,0.500,LD liquid_0.5gcc_1000,-1
82,577,64,0.500,LD liquid_0.5gcc_1000,-1
83,574,384,2.391,graphite_0.0gcc_CC,-1
84,175,64,1.000,LD liquid_1.0gcc_2000,-1
85,641,64,1.000,LD liquid_1.0gcc_2000,-1
86,290,384,2.562,graphite_2.56gcc_1500,-1
87,623,64,0.500,LD liquid_0.5gcc_1000,-1
88,60,64,1.000,LD liquid_1.0gcc_2000,-1
89,532,64,0.500,LD liquid_0.5gcc_1000,-1
90,84,64,0.500,LD liquid_0.5gcc_1000,-1
91,440,64,1.000,LD liquid_1.0gcc_2000,-1
92,82,200,3.599,HD liquid_3.6gcc_6000,-1
93,38,384,2.674,graphite_2.67gcc_3000,-1
94,38,384,2.674,graphite_2.67gcc_3000,93
95,83,200,2.503,HD liquid_2.5gcc_6000,-1
96,402,64,1.000,LD liquid_1.0gcc_2000,-1
97,428,64,2.000,HD liquid_2.0gcc_6000,-1
98,85,200,3.599,HD liquid_3.0gcc_8000,-1
99,359,64,0.500,LD liquid_0.5gcc_1000,-1
100,325,64,2.000,HD liquid_2.0gcc_6000,-1
101,571,384,2.562,graphite_2.56gcc_1500,-1
102,41,64,0.500,LD liquid_0.5gcc_1000,-1
103,451,512,3.000,HD liquid_3.0gcc_8000,-1
104,217,384,2.562,graphite_2.56gcc_1500,-1
105,666,64,2.000,HD liquid_2.0gcc_6000,-1
106,87,512,3.000,HD liquid_3.0gcc_8000,-1
107,629,216,3.679,diamond_3.67gcc_3000,-1
108,640,64,2.000,HD liquid_2.0gcc_6000,-1
109,230,384,2.674,graphite_2.67gcc_3000,-1
110,195,216,3.679,diamond_3.67gcc_3000,-1
111,565,216,3.679,diamond_3.67gcc_3000,-1
112,75,64,0.500,LD liquid_0.5gcc_1000,-1
113,630,64,0.500,LD liquid_0.5gcc_1000,-1
114,518,64,1.000,LD liquid_1.0gcc_2000,-1
115,426,64,0.500,LD liquid_0.5gcc_1000,-1
116,334,64,2.000,HD liquid_2.0gcc_6000,-1
117,80,384,2.674,graphite_2.67gcc_3000,-1
118,515,64,3.000,HD liquid_3.0gcc_8000,-1
119,104,200,3.599,HD liquid_3.6gcc_6000,-1
120,339,64,0.500,LD liquid_0.5gcc_1000,-1
121,465,64,1.000,LD liquid_1.0gcc_2000,-1
122,346,64,1.000,LD liquid_1.0gcc_2000,-1
123,396,384,2.391,graphite_2.39gcc_300,-1
124,158,64,2.000,HD liquid_2.0gcc_6000,-1
125,108,200,3.599,HD liquid_3.6gcc_6000,-1
126,534,64,2.000,HD liquid_2.0gcc_6000,-1
127,409,384,2.674,graphite_2.67gcc_3000,-1
128,120,64,1.000,LD liquid_1.0gcc_2000,-1
129,420,384,2.674,graphite_2.67gcc_3000,-1
130,467,512,3.000,HD liquid_3.0gcc_8000,-1
131,116,200,3.599,HD liquid_3.0gcc_8000,-1
132,210,216,3.679,diamond_3.67gcc_3000,-1
133,117,200,3.599,HD liquid_3.6gcc_6000,-1
134,103,64,2.000,HD liquid_2.0gcc_6000,-1
135,652,512,3.000,HD liquid_3.0gcc_8000,-1
136,283,216,3.679,diamond_3.67gcc_3000,-1
137,141,216,3.679,diamond_3.67gcc_3000,-1
138,315,64,3.000,HD liquid_3.0gcc_8000,-1
139,504,64,1.000,LD liquid_1.0gcc_2000,-1
140,624,512,3.000,HD liquid_3.0gcc_8000,-1
141,121,64,1.000,LD liquid_1.0gcc_2000,-1
142,197,512,3.000,HD liquid_3.0gcc_8000,-1
143,197,512,3.000,HD liquid_3.0gcc_8000,142
144,389,216,3.679,diamond_3.67gcc_3000,-1
145,434,216,3.563,diamond_3.68gcc_300,-1
146,123,200,2.503,HD liquid_2.5gcc_6000,-1
147,462,64,2.000,HD liquid_2.0gcc_7000,-1
148,329,64,1.000,LD liquid_1.0gcc_2000,-1
149,203,64,0.500,LD liquid_0.5gcc_1000,-1
150,181,216,3.563,diamond_3.68gcc_300,-1
151,304,64,2.000,HD liquid_2.0gcc_6000,-1
152,400,64,0.500,LD liquid_0.5gcc_1000,-1
153,133,200,3.599,HD liquid_3.6gcc_6000,-1
154,139,64,0.500,LD liquid_0.5gcc_1000,-1
155,135,200,3.599,HD liquid_3.0gcc_8000,-1
156,137,200,3.599,HD liquid_3.6gcc_6000,-1
157,600,64,1.000,LD liquid_1.0gcc_2000,-1
158,180,64,1.000,LD liquid_1.0gcc_2000,-1
159,106,64,0.500,LD liquid_0.5gcc_1000,-1
160,265,384,2.391,graphite_2.39gcc_300,-1
161,646,512,3.000,HD liquid_3.0gcc_8000,-1
162,277,64,0.500,LD liquid_0.5gcc_1000,-1
163,128,216,3.679,diamond_0.0gcc_CC,-1
164,540,64,2.000,HD liquid_2.0gcc_6000,-1
165,563,384,2.562,graphite_2.56gcc_1500,-1
166,347,512,3.000,HD liquid_3.0gcc_8000,-1
167,526,64,0.500,LD liquid_0.5gcc_1000,-1
168,266,64,2.000,HD liquid_2.0gcc_6000,-1
169,410,64,1.000,LD liquid_1.0gcc_2000,-1
170,150,200,3.599,HD liquid_3.6gcc_6000,-1
171,151,200,3.599,HD liquid_3.6gcc_6000,-1
172,42,512,3.000,HD liquid_3.0gcc_8000,-1
173,61,384,2.562,graphite_2.56gcc_1500,-1
174,231,64,2.000,HD liquid_2.0gcc_6000,-1
175,528,384,2.674,graphite_2.67gcc_3000,-1
176,157,200,3.599,HD liquid_3.6gcc_6000,-1
177,321,64,0.500,LD liquid_0.5gcc_1000,-1
178,160,200,3.599,HD liquid_3.6gcc_6000,-1
179,370,512,3.000,HD liquid_3.0gcc_8000,-1
180,317,216,3.679,diamond_3.67gcc_3000,-1
181,163,200,3.599,HD liquid_3.6gcc_6000,-1
182,455,64,2.000,HD liquid_2.0gcc_6000,-1
183,165,200,3.599,HD liquid_3.6gcc_6000,-1
184,92,384,2.562,graphite_2.56gcc_1500,-1
185,508,64,2.000,HD liquid_2.0gcc_6000,-1
186,169,200,2.503,HD liquid_2.5gcc_6000,-1
187,302,64,2.000,HD liquid_2.0gcc_7000,-1
188,170,200,3.599,HD liquid_3.6gcc_6000,-1
189,576,64,0.500,LD liquid_0.5gcc_1000,-1
190,430,384,2.562,graphite_2.56gcc_1500,-1
191,185,384,2.674,graphite_2.67gcc_3000,-1
192,625,64,1.000,LD liquid_1.0gcc_2000,-1
193,679,64,2.000,HD liquid_2.0gcc_6000,-1
194,493,384,2.674,graphite_2.67gcc_3000,-1
195,14,64,2.000,HD liquid_2.0gcc_6000,-1
196,176,200,3.599,HD liquid_3.6gcc_6000,-1
197,470,512,3.000,HD liquid_3.0gcc_8000,-1
198,487,64,0.500,LD liquid_0.5gcc_1000,-1
199,488,64,2.000,HD liquid_2.0gcc_6000,-1
200,584,384,2.562,graphite_2.56gcc_1500,-1
201,91,64,1.000,LD liquid_1.0gcc_2000,-1
202,628,64,1.000,LD liquid_1.0gcc_2000,-1
203,182,200,3.599,HD liquid_3.6gcc_6000,-1
204,184,200,3.599,HD liquid_3.6gcc_6000,-1
205,634,384,2.674,graphite_2.67gcc_3000,-1
206,269,64,1.000,LD liquid_1.0gcc_2000,-1
207,45,216,3.563,diamond_3.68gcc_300,-1
208,30,64,2.000,HD liquid_2.0gcc_6000,-1
209,186,200,3.599,HD liquid_3.6gcc_6000,-1
210,642,64,2.000,HD liquid_2.0gcc_6000,-1
211,568,384,2.674,graphite_2.67gcc_3000,-1
212,225,216,3.679,diamond_3.67gcc_3000,-1
213,385,216,3.567,diamond_0.0gcc_CC,-1
214,193,200,3.599,HD liquid_3.6gcc_6000,-1
215,476,64,2.000,HD liquid_2.0gcc_6000,-1
216,555,64,1.000,LD liquid_1.0gcc_2000,-1
217,199,200,2.503,HD liquid_2.5gcc_6000,-1
218,224,64,0.500,LD liquid_0.5gcc_1000,-1
219,95,64,3.000,HD liquid_3.0gcc_8000,-1
220,375,384,2.674,graphite_2.67gcc_3000,-1
221,387,384,2.391,graphite_2.39gcc_300,-1
222,338,216,3.679,diamond_3.67gcc_3000,-1
223,271,216,3.679,diamond_3.67gcc_3000,-1
224,626,64,1.000,LD liquid_1.0gcc_2000,-1
225,403,64,3.000,HD liquid_3.0gcc_8000,-1
226,588,64,0.500,LD liquid_0.5gcc_1000,-1
227,206,384,2.674,graphite_2.67gcc_3000,-1
228,272,384,2.674,graphite_2.67gcc_3000,-1
229,262,384,2.674,graphite_2.67gcc_3000,-1
230,636,384,2.391,graphite_2.39gcc_300,-1
231,28,384,2.434,graphite_0.0gcc_CC,-1
232,211,200,3.599,HD liquid_3.6gcc_6000,-1
233,264,64,1.000,LD liquid_1.0gcc_2000,-1
234,378,384,2.674,graphite_2.67gcc_3000,-1
235,362,384,2.562,graphite_2.56gcc_1500,-1
236,15,64,2.000,HD liquid_2.0gcc_7000,-1
237,18,64,2.000,HD liquid_2.0gcc_6000,-1
238,270,64,2.000,HD liquid_2.0gcc_6000,-1
239,366,216,3.679,diamond_3.67gcc_3000,-1
240,366,216,3.679,diamond_3.67gcc_3000,239
241,324,64,2.000,HD liquid_2.0gcc_6000,-1
242,431,64,3.000,HD liquid_3.0gcc_8000,-1
243,200,64,1.000,LD liquid_1.0gcc_2000,-1
244,313,512,3.000,HD liquid_3.0gcc_8000,-1
245,221,200,2.503,HD liquid_2.5gcc_6000,-1
246,318,64,2.000,HD liquid_2.0gcc_6000,-1
247,296,384,2.391,graphite_2.39gcc_300,-1
248,550,64,0.500,LD liquid_0.5gcc_1000,-1
249,405,216,3.679,diamond_3.67gcc_3000,-1
250,281,216,3.563,diamond_3.68gcc_300,-1
251,453,216,3.679,diamond_3.67gcc_3000,-1
252,23,64,2.000,HD liquid_2.0gcc_6000,-1
253,513,64,0.500,LD liquid_0.5gcc_1000,-1
254,604,64,0.500,LD liquid_0.5gcc_1000,-1
255,371,64,2.000,HD liquid_2.0gcc_6000,-1
256,237,200,3.599,HD liquid_3.6gcc_6000,-1
257,404,64,3.000,HD liquid_3.0gcc_8000,-1
258,100,64,0.500,LD liquid_0.5gcc_1000,-1
259,238,200,2.503,HD liquid_2.5gcc_6000,-1
260,220,384,2.391,graphite_2.39gcc_300,-1
261,521,512,3.000,HD liquid_3.0gcc_8000,-1
262,675,64,0.500,LD liquid_0.5gcc_1000,-1
263,177,64,0.500,LD liquid_0.5gcc_1000,-1
264,645,512,3.000,HD liquid_3.0gcc_8000,-1
265,251,200,2.503,HD liquid_2.5gcc_6000,-1
266,443,64,2.000,HD liquid_2.0gcc_7000,-1
267,253,200,2.503,HD liquid_2.5gcc_6000,-1
268,263,384,2.674,graphite_2.67gcc_3000,-1
269,107,64,0.500,LD liquid_0.5gcc_1000,-1
270,514,64,1.000,LD liquid_1.0gcc_2000,-1
271,507,384,2.674,graphite_2.67gcc_3000,-1
272,553,384,2.674,graphite_2.67gcc_3000,-1
273,156,64,0.500,LD liquid_0.5gcc_1000,-1
274,479,216,3.679,diamond_3.67gcc_3000,-1
275,450,216,3.563,diamond_3.68gcc_300,-1
276,257,200,3.599,HD liquid_3.6gcc_6000,-1
277,173,64,1.000,LD liquid_1.0gcc_2000,-1
278,267,64,2.000,HD liquid_2.0gcc_7000,-1
279,138,64,2.000,HD liquid_2.0gcc_6000,-1
280,13,64,2.000,HD liquid_2.0gcc_6000,-1
281,336,64,0.500,LD liquid_0.5gcc_1000,-1
282,328,64,2.000,HD liquid_2.0gcc_7000,-1
283,644,216,3.563,diamond_3.68gcc_300,-1
284,273,200,3.599,HD liquid_3.0gcc_8000,-1
285,495,64,0.500,LD liquid_0.5gcc_1000,-1
286,585,384,2.674,graphite_2.67gcc_3000,-1
287,136,64,3.000,HD liquid_3.0gcc_8000,-1
288,168,384,2.391,graphite_2.39gcc_300,-1
289,119,384,2.674,graphite_2.67gcc_3000,-1
290,505,64,0.500,LD liquid_0.5gcc_1000,-1
291,580,384,2.391,graphite_2.39gcc_300,-1
292,411,216,3.679,diamond_3.67gcc_3000,-1
293,278,200,3.599,HD liquid_3.6gcc_6000,-1
294,142,216,3.563,diamond_3.68gcc_300,-1
295,539,64,1.000,LD liquid_1.0gcc_2000,-1
296,285,64,0.500,LD liquid_0.5gcc_1000,-1
297,658,512,3.000,HD liquid_3.0gcc_8000,-1
298,323,64,2.000,HD liquid_2.0gcc_6000,-1
299,611,64,0.500,LD liquid_0.5gcc_1000,-1
300,132,384,2.562,graphite_2.56gcc_1500,-1
301,171,64,2.000,HD liquid_2.0gcc_6000,-1
302,614,384,2.674,graphite_2.67gcc_3000,-1
303,295,200,3.599,HD liquid_3.6gcc_6000,-1
304,447,64,1.000,LD liquid_1.0gcc_2000,-1
305,154,64,2.000,HD liquid_2.0gcc_6000,-1
306,352,64,1.000,LD liquid_1.0gcc_2000,-1
307,352,64,1.000,LD liquid_1.0gcc_2000,306
308,357,384,2.674,graphite_2.67gcc_3000,-1
309,357,384,2.674,graphite_2.67gcc_3000,308
310,306,200,3.599,HD liquid_3.6gcc_6000,-1
311,674,384,2.562,graphite_2.56gcc_1500,-1
312,464,216,3.679,diamond_3.67gcc_3000,-1
313,474,64,1.000,LD liquid_1.0gcc_2000,-1
314,311,200,3.599,HD liquid_3.6gcc_6000,-1
315,617,512,3.000,HD liquid_3.0gcc_8000,-1
316,239,64,3.000,HD liquid_3.0gcc_8000,-1
317,93,64,1.000,LD liquid_1.0gcc_2000,-1
318,335,384,2.674,graphite_2.67gcc_3000,-1
319,316,200,3.599,HD liquid_3.6gcc_6000,-1
320,67,512,3.000,HD liquid_3.0gcc_8000,-1
321,31,64,1.000,LD liquid_1.0gcc_2000,-1
322,208,216,3.563,diamond_3.68gcc_300,-1
323,412,384,2.562,graphite_2.56gcc_1500,-1
324,326,200,3.599,HD liquid_3.6gcc_6000,-1
325,243,384,2.391,graphite_2.39gcc_300,-1
326,612,216,3.563,diamond_3.68gcc_300,-1
327,414,64,0.500,LD liquid_0.5gcc_1000,-1
328,330,200,3.599,HD liquid_3.6gcc_6000,-1
329,659,64,1.000,LD liquid_1.0gcc_2000,-1
330,331,200,3.599,HD liquid_3.6gcc_6000,-1
331,586,384,2.391,graphite_2.39gcc_300,-1
332,289,64,1.000,LD liquid_1.0gcc_2000,-1
333,558,64,0.500,LD liquid_0.5gcc_1000,-1
334,337,200,3.599,HD liquid_3.6gcc_6000,-1
335,301,384,2.562,graphite_2.56gcc_1500,-1
336,174,384,2.674,graphite_2.67gcc_3000,-1
337,665,216,3.563,diamond_3.68gcc_300,-1
338,2,64,2.000,HD liquid_2.0gcc_6000,-1
339,594,64,3.000,HD liquid_3.0gcc_8000,-1
340,537,384,2.391,graphite_2.39gcc_300,-1
341,524,64,1.000,LD liquid_1.0gcc_2000,-1
342,327,216,3.679,diamond_3.67gcc_3000,-1
343,676,216,3.679,diamond_3.67gcc_3000,-1
344,548,64,1.000,LD liquid_1.0gcc_2000,-1
345,70,216,3.679,diamond_3.67gcc_3000,-1
346,348,64,2.000,HD liquid_2.0gcc_6000,-1
347,222,64,1.000,LD liquid_1.0gcc_2000,-1
348,44,216,3.679,diamond_3.67gcc_3000,-1
349,12,64,0.500,LD liquid_0.5gcc_1000,-1
350,381,64,2.000,HD liquid_2.0gcc_6000,-1
351,355,200,3.599,HD liquid_3.0gcc_8000,-1
352,363,200,3.599,HD liquid_3.6gcc_6000,-1
353,11,64,2.000,HD liquid_2.0gcc_6000,-1
354,240,64,2.000,HD liquid_2.0gcc_6000,-1
355,398,384,2.674,graphite_2.67gcc_3000,-1
356,312,64,1.000,LD liquid_1.0gcc_2000,-1
357,456,64,0.500,LD liquid_0.5gcc_1000,-1
358,678,216,3.679,diamond_3.67gcc_3000,-1
359,374,64,2.000,HD liquid_2.0gcc_6000,-1
360,229,64,3.000,HD liquid_3.0gcc_8000,-1
361,441,384,2.391,graphite_2.39gcc_300,-1
362,376,200,3.599,HD liquid_3.6gcc_6000,-1
363,377,200,3.599,HD liquid_3.6gcc_6000,-1
364,536,64,2.000,HD liquid_2.0gcc_6000,-1
365,118,64,2.000,HD liquid_2.0gcc_7000,-1
366,68,384,2.674,graphite_2.67gcc_3000,-1
367,97,64,2.000,HD liquid_2.0gcc_6000,-1
368,310,216,3.679,diamond_3.67gcc_3000,-1
369,319,384,2.391,graphite_2.39gcc_300,-1
370,382,200,3.599,HD liquid_3.6gcc_6000,-1
371,288,216,3.679,diamond_3.67gcc_3000,-1
372,570,512,3.000,HD liquid_3.0gcc_8000,-1
373,179,384,2.562,graphite_2.56gcc_1500,-1
374,36,64,3.000,HD liquid_3.0gcc_8000,-1
375,232,384,2.674,graphite_2.67gcc_3000,-1
376,214,64,2.000,HD liquid_2.0gcc_7000,-1
377,510,64,1.000,LD liquid_1.0gcc_2000,-1
378,5,64,1.000,LD liquid_1.0gcc_2000,-1
379,484,64,1.000,LD liquid_1.0gcc_2000,-1
380,392,200,3.599,HD liquid_3.0gcc_8000,-1
381,448,64,3.000,HD liquid_3.0gcc_8000,-1
382,47,512,3.000,HD liquid_3.0gcc_8000,-1
383,300,64,2.000,HD liquid_2.0gcc_6000,-1
384,654,216,3.679,diamond_3.67gcc_3000,-1
385,561,384,2.391,graphite_2.39gcc_300,-1
386,621,216,3.679,diamond_3.67gcc_3000,-1
387,616,64,2.000,HD liquid_2.0gcc_6000,-1
388,299,384,2.562,graphite_2.56gcc_1500,-1
389,111,216,3.679,diamond_3.67gcc_3000,-1
390,46,64,1.000,LD liquid_1.0gcc_2000,-1
391,438,64,1.000,LD liquid_1.0gcc_2000,-1
392,260,512,3.000,HD liquid_3.0gcc_8000,-1
393,307,64,2.000,HD liquid_2.0gcc_6000,-1
394,124,64,1.000,LD liquid_1.0gcc_2000,-1
395,275,64,0.500,LD liquid_0.5gcc_1000,-1
396,647,216,3.563,diamond_3.68gcc_300,-1
397,64,64,1.000,LD liquid_1.0gcc_2000,-1
398,286,64,0.500,LD liquid_0.5gcc_1000,-1
399,146,64,2.000,HD liquid_2.0gcc_7000,-1
400,407,200,2.503,HD liquid_2.5gcc_6000,-1
401,249,64,1.000,LD liquid_1.0gcc_2000,-1
402,202,64,3.000,HD liquid_3.0gcc_8000,-1
403,413,200,3.599,HD liquid_3.6gcc_6000,-1
404,297,216,3.563,diamond_3.68gcc_300,-1
405,228,64,0.500,LD liquid_0.5gcc_1000,-1
406,472,64,2.000,HD liquid_2.0gcc_6000,-1
407,608,384,2.674,graphite_2.67gcc_3000,-1
408,276,64,2.000,HD liquid_2.0gcc_6000,-1
409,380,216,3.563,diamond_3.68gcc_300,-1
410,418,200,2.503,HD liquid_2.5gcc_6000,-1
411,242,64,3.000,HD liquid_3.0gcc_8000,-1
412,140,64,2.000,HD liquid_2.0gcc_6000,-1
413,101,512,3.000,HD liquid_3.0gcc_8000,-1
414,671,64,2.000,HD liquid_2.0gcc_6000,-1
415,247,64,0.500,LD liquid_0.5gcc_1000,-1
416,408,384,2.674,graphite_2.67gcc_3000,-1
417,415,512,3.000,HD liquid_3.0gcc_8000,-1
418,345,384,2.674,graphite_2.67gcc_3000,-1
419,115,64,1.000,LD liquid_1.0gcc_2000,-1
420,77,64,2.000,HD liquid_2.0gcc_6000,-1
421,98,384,2.674,graphite_2.67gcc_3000,-1
422,458,512,3.000,HD liquid_3.0gcc_8000,-1
423,429,200,3.599,HD liquid_3.6gcc_6000,-1
424,435,200,2.503,HD liquid_2.5gcc_6000,-1
425,373,216,3.563,diamond_3.68gcc_300,-1
426,351,216,3.563,diamond_3.68gcc_300,-1
427,333,384,2.674,graphite_2.67gcc_3000,-1
428,444,200,2.503,HD liquid_2.5gcc_6000,-1
429,369,64,1.000,LD liquid_1.0gcc_2000,-1
430,241,384,2.674,graphite_2.67gcc_3000,-1
431,274,64,2.000,HD liquid_2.0gcc_6000,-1
432,446,200,3.599,HD liquid_3.6gcc_6000,-1
433,395,512,3.000,HD liquid_3.0gcc_8000,-1
434,379,384,2.391,graphite_2.39gcc_300,-1
435,520,64,2.000,HD liquid_2.0gcc_6000,-1
436,365,64,0.500,LD liquid_0.5gcc_1000,-1
437,622,64,0.500,LD liquid_0.5gcc_1000,-1
438,486,64,2.000,HD liquid_2.0gcc_6000,-1
439,149,512,3.000,HD liquid_3.0gcc_8000,-1
440,364,384,2.836,graphite_0.0gcc_CC,-1
441,86,512,3.000,HD liquid_3.0gcc_8000,-1
442,567,216,3.679,diamond_3.67gcc_3000,-1
443,94,64,1.000,LD liquid_1.0gcc_2000,-1
444,102,64,2.000,HD liquid_2.0gcc_6000,-1
445,523,64,3.000,HD liquid_3.0gcc_8000,-1
446,255,64,2.000,HD liquid_2.0gcc_6000,-1
447,268,512,3.000,HD liquid_3.0gcc_8000,-1
448,218,64,2.000,HD liquid_2.0gcc_6000,-1
449,463,200,3.599,HD liquid_3.0gcc_8000,-1
450,105,512,3.000,HD liquid_3.0gcc_8000,-1
451,522,64,0.500,LD liquid_0.5gcc_1000,-1
452,638,64,0.500,LD liquid_0.5gcc_1000,-1
453,468,200,3.599,HD liquid_3.6gcc_6000,-1
454,78,64,3.000,HD liquid_3.0gcc_8000,-1
455,419,384,2.391,graphite_2.39gcc_300,-1
456,122,384,2.674,graphite_2.67gcc_3000,-1
457,439,64,3.000,HD liquid_3.0gcc_8000,-1
458,662,384,2.244,graphite_0.0gcc_CC,-1
459,477,200,3.599,HD liquid_3.6gcc_6000,-1
460,235,216,3.679,diamond_3.67gcc_3000,-1
461,480,200,2.503,HD liquid_2.5gcc_6000,-1
462,245,64,1.000,LD liquid_1.0gcc_2000,-1
463,466,64,2.000,HD liquid_2.0gcc_7000,-1
464,471,64,2.000,HD liquid_2.0gcc_6000,-1
465,183,384,2.674,graphite_2.67gcc_3000,-1
466,421,64,2.000,HD liquid_2.0gcc_7000,-1
467,332,64,0.500,LD liquid_0.5gcc_1000,-1
468,248,64,2.000,HD liquid_2.0gcc_7000,-1
469,192,64,2.000,HD liquid_2.0gcc_6000,-1
470,525,64,1.000,LD liquid_1.0gcc_2000,-1
471,9,384,2.674,graphite_2.67gcc_3000,-1
472,603,64,1.000,LD liquid_1.0gcc_2000,-1
473,673,64,2.000,HD liquid_2.0gcc_6000,-1
474,460,384,2.674,graphite_2.67gcc_3000,-1
475,148,384,2.674,graphite_2.67gcc_3000,-1
476,90,64,2.000,HD liquid_2.0gcc_7000,-1
477,143,216,3.679,diamond_3.67gcc_3000,-1
478,500,216,3.603,diamond_0.0gcc_CC,-1
479,252,64,0.500,LD liquid_0.5gcc_1000,-1
480,204,384,2.562,graphite_2.56gcc_1500,-1
481,490,200,3.599,HD liquid_3.6gcc_6000,-1
482,406,512,3.000,HD liquid_3.0gcc_8000,-1
483,386,64,2.000,HD liquid_2.0gcc_7000,-1
484,492,200,2.503,HD liquid_2.5gcc_6000,-1
485,503,384,2.562,graphite_2.56gcc_1500,-1
486,293,64,0.500,LD liquid_0.5gcc_1000,-1
487,501,200,3.599,HD liquid_3.6gcc_6000,-1
488,562,216,3.679,diamond_3.67gcc_3000,-1
489,579,512,3.000,HD liquid_3.0gcc_8000,-1
490,162,64,2.000,HD liquid_2.0gcc_6000,-1
491,188,64,2.000,HD liquid_2.0gcc_6000,-1
492,201,216,3.603,diamond_0.0gcc_CC,-1
493,59,64,0.500,LD liquid_0.5gcc_1000,-1
494,127,64,2.000,HD liquid_2.0gcc_6000,-1
495,246,64,0.500,LD liquid_0.5gcc_1000,-1
496,233,64,2.000,HD liquid_2.0gcc_6000,-1
497,190,64,2.000,HD liquid_2.0gcc_6000,-1
498,361,64,0.500,LD liquid_0.5gcc_1000,-1
499,368,216,3.679,diamond_3.67gcc_3000,-1
500,469,64,1.000,LD liquid_1.0gcc_2000,-1
501,511,200,2.503,HD liquid_2.5gcc_6000,-1
502,88,64,0.500,LD liquid_0.5gcc_1000,-1
503,189,64,2.000,HD liquid_2.0gcc_6000,-1
504,516,200,3.599,HD liquid_3.6gcc_6000,-1
505,619,64,1.000,LD liquid_1.0gcc_2000,-1
506,291,384,2.391,graphite_2.39gcc_300,-1
507,517,200,3.599,HD liquid_3.6gcc_6000,-1
508,485,384,2.391,graphite_2.39gcc_300,-1
509,397,384,2.674,graphite_2.67gcc_3000,-1
510,35,64,1.000,LD liquid_1.0gcc_2000,-1
511,663,64,0.500,LD liquid_0.5gcc_1000,-1
512,633,384,2.674,graphite_2.67gcc_3000,-1
513,279,512,3.000,HD liquid_3.0gcc_8000,-1
514,595,216,3.679,diamond_3.67gcc_3000,-1
515,344,64,2.000,HD liquid_2.0gcc_6000,-1
516,637,384,2.562,graphite_2.56gcc_1500,-1
517,58,384,2.391,graphite_2.39gcc_300,-1
518,284,216,3.679,diamond_3.67gcc_3000,-1
519,81,64,2.000,HD liquid_2.0gcc_7000,-1
520,314,64,2.000,HD liquid_2.0gcc_7000,-1
521,473,64,3.000,HD liquid_3.0gcc_8000,-1
522,529,200,3.599,HD liquid_3.6gcc_6000,-1
523,145,64,0.500,LD liquid_0.5gcc_1000,-1
524,530,200,3.599,HD liquid_3.0gcc_8000,-1
525,591,64,2.000,HD liquid_2.0gcc_6000,-1
526,394,64,1.000,LD liquid_1.0gcc_2000,-1
527,350,216,3.563,diamond_3.68gcc_300,-1
528,531,200,3.599,HD liquid_3.6gcc_6000,-1
529,527,64,2.000,HD liquid_2.0gcc_6000,-1
530,533,200,2.503,HD liquid_2.5gcc_6000,-1
531,670,64,0.500,LD liquid_0.5gcc_1000,-1
532,320,64,2.000,HD liquid_2.0gcc_6000,-1
533,655,216,3.679,diamond_3.67gcc_3000,-1
534,250,384,2.562,graphite_0.0gcc_CC,-1
535,535,200,2.503,HD liquid_2.5gcc_6000,-1
536,22,64,1.000,LD liquid_1.0gcc_2000,-1
537,538,200,3.599,HD liquid_3.6gcc_6000,-1
538,541,200,2.503,HD liquid_2.5gcc_6000,-1
539,544,200,3.599,HD liquid_3.6gcc_6000,-1
540,129,64,1.000,LD liquid_1.0gcc_2000,-1
541,478,216,3.679,diamond_3.67gcc_3000,-1
542,423,64,3.000,HD liquid_3.0gcc_8000,-1
543,134,512,3.000,HD liquid_3.0gcc_8000,-1
544,596,384,2.674,graphite_2.67gcc_3000,-1
545,144,512,3.000,HD liquid_3.0gcc_8000,-1
546,33,64,0.500,LD liquid_0.5gcc_1000,-1
547,549,200,3.599,HD liquid_3.0gcc_8000,-1
548,261,64,2.000,HD liquid_2.0gcc_6000,-1
549,461,216,3.679,diamond_3.67gcc_3000,-1
550,131,64,1.000,LD liquid_1.0gcc_2000,-1
551,610,384,2.562,graphite_2.56gcc_1500,-1
552,606,64,0.500,LD liquid_0.5gcc_1000,-1
553,226,512,3.000,HD liquid_3.0gcc_8000,-1
554,40,216,3.563,diamond_3.68gcc_300,-1
555,554,200,2.503,HD liquid_2.5gcc_6000,-1
556,17,64,3.000,HD liquid_3.0gcc_8000,-1
557,126,216,3.679,diamond_3.67gcc_3000,-1
558,559,200,2.503,HD liquid_2.5gcc_6000,-1
559,96,64,0.500,LD liquid_0.5gcc_1000,-1
560,602,216,3.679,diamond_3.67gcc_3000,-1
561,560,200,3.599,HD liquid_3.6gcc_6000,-1
562,556,64,1.000,LD liquid_1.0gcc_2000,-1
563,303,384,2.391,graphite_2.39gcc_300,-1
564,661,64,1.000,LD liquid_1.0gcc_2000,-1
565,564,200,3.599,HD liquid_3.0gcc_8000,-1
566,172,64,2.000,HD liquid_2.0gcc_6000,-1
567,341,64,1.000,LD liquid_1.0gcc_2000,-1
568,566,200,3.599,HD liquid_3.6gcc_6000,-1
569,416,64,3.000,HD liquid_3.0gcc_8000,-1
570,356,512,3.000,HD liquid_3.0gcc_8000,-1
571,207,384,2.562,graphite_2.56gcc_1500,-1
572,209,384,2.674,graphite_2.67gcc_3000,-1
573,54,512,3.000,HD liquid_3.0gcc_8000,-1
574,572,200,3.599,HD liquid_3.6gcc_6000,-1
575,153,216,3.679,diamond_3.67gcc_3000,-1
576,109,64,1.000,LD liquid_1.0gcc_2000,-1
577,79,216,3.679,diamond_3.67gcc_3000,-1
578,152,64,0.500,LD liquid_0.5gcc_1000,-1
579,672,216,3.679,diamond_3.67gcc_3000,-1
580,643,64,0.500,LD liquid_0.5gcc_1000,-1
581,631,512,3.000,HD liquid_3.0gcc_8000,-1
582,552,384,2.674,graphite_2.67gcc_3000,-1
583,191,64,2.000,HD liquid_2.0gcc_6000,-1
584,166,384,2.674,graphite_2.67gcc_3000,-1
585,581,384,2.674,graphite_2.67gcc_3000,-1
586,155,216,3.563,diamond_3.68gcc_300,-1
587,216,64,0.500,LD liquid_0.5gcc_1000,-1
588,605,384,2.674,graphite_2.67gcc_3000,-1
589,583,200,3.599,HD liquid_3.6gcc_6000,-1
590,342,64,1.000,LD liquid_1.0gcc_2000,-1
591,62,384,2.562,graphite_2.56gcc_1500,-1
592,215,384,2.391,graphite_2.39gcc_300,-1
593,449,384,2.674,graphite_2.67gcc_3000,-1
594,593,384,2.562,graphite_2.56gcc_1500,-1
595,194,384,3.081,graphite_0.0gcc_CC,-1
596,483,384,2.674,graphite_2.67gcc_3000,-1
597,575,64,1.000,LD liquid_1.0gcc_2000,-1
598,442,64,2.000,HD liquid_2.0gcc_6000,-1
599,113,384,2.674,graphite_2.67gcc_3000,-1
600,125,64,3.000,HD liquid_3.0gcc_8000,-1
601,589,200,3.599,HD liquid_3.6gcc_6000,-1
602,298,512,3.000,HD liquid_3.0gcc_8000,-1
603,259,512,3.000,HD liquid_3.0gcc_8000,-1
604,1,64,1.000,LD liquid_1.0gcc_2000,-1
605,72,216,3.679,diamond_3.67gcc_3000,-1
606,669,64,2.000,HD liquid_2.0gcc_6000,-1
607,542,64,0.500,LD liquid_0.5gcc_1000,-1
608,34,64,1.000,LD liquid_1.0gcc_2000,-1
609,587,216,3.679,diamond_3.67gcc_3000,-1
610,601,200,3.599,HD liquid_3.0gcc_8000,-1
611,74,64,1.000,LD liquid_1.0gcc_2000,-1
612,3,216,3.679,diamond_3.67gcc_3000,-1
613,459,64,0.500,LD liquid_0.5gcc_1000,-1
614,459,64,0.500,LD liquid_0.5gcc_1000,613
615,599,512,3.000,HD liquid_3.0gcc_8000,-1
616,445,384,2.674,graphite_2.67gcc_3000,-1
617,294,64,1.000,LD liquid_1.0gcc_2000,-1
618,227,64,1.000,LD liquid_1.0gcc_2000,-1
619,424,64,1.000,LD liquid_1.0gcc_2000,-1
620,613,200,3.599,HD liquid_3.0gcc_8000,-1
621,309,64,0.500,LD liquid_0.5gcc_1000,-1
622,256,64,1.000,LD liquid_1.0gcc_2000,-1
623,63,64,0.500,LD liquid_0.5gcc_1000,-1
624,668,64,0.500,LD liquid_0.5gcc_1000,-1
625,546,512,3.000,HD liquid_3.0gcc_8000,-1
626,383,64,2.000,HD liquid_2.0gcc_6000,-1
627,615,200,3.599,HD liquid_3.6gcc_6000,-1
628,19,64,0.500,LD liquid_0.5gcc_1000,-1
629,433,384,2.674,graphite_2.67gcc_3000,-1
630,390,64,1.000,LD liquid_1.0gcc_2000,-1
631,618,200,2.503,HD liquid_2.5gcc_6000,-1
632,620,200,3.599,HD liquid_3.6gcc_6000,-1
633,437,64,0.500,LD liquid_0.5gcc_1000,-1
634,388,216,3.679,diamond_3.67gcc_3000,-1
635,234,384,2.674,graphite_2.67gcc_3000,-1
636,627,200,3.599,HD liquid_3.6gcc_6000,-1
637,99,384,2.562,graphite_2.56gcc_1500,-1
638,498,64,2.000,HD liquid_2.0gcc_6000,-1
639,498,64,2.000,HD liquid_2.0gcc_6000,638
640,401,64,2.000,HD liquid_2.0gcc_6000,-1
641,632,200,2.503,HD liquid_2.5gcc_6000,-1
642,20,64,0.500,LD liquid_0.5gcc_1000,-1
643,360,64,2.000,HD liquid_2.0gcc_7000,-1
644,4,64,3.000,HD liquid_3.0gcc_8000,-1
645,457,216,3.679,diamond_3.67gcc_3000,-1
646,69,216,3.563,diamond_3.68gcc_300,-1
647,680,64,0.500,LD liquid_0.5gcc_1000,-1
648,639,200,3.599,HD liquid_3.6gcc_6000,-1
649,26,216,3.679,diamond_3.67gcc_3000,-1
650,436,216,3.563,diamond_3.68gcc_300,-1
651,417,64,2.000,HD liquid_2.0gcc_6000,-1
652,573,384,2.674,graphite_2.67gcc_3000,-1
653,607,512,3.000,HD liquid_3.0gcc_8000,-1
654,66,64,2.000,HD liquid_2.0gcc_7000,-1
655,475,64,0.500,LD liquid_0.5gcc_1000,-1
656,512,216,3.679,diamond_3.67gcc_3000,-1
657,582,64,2.000,HD liquid_2.0gcc_6000,-1
658,452,216,3.679,diamond_3.67gcc_3000,-1
659,649,200,3.599,HD liquid_3.6gcc_6000,-1
660,650,200,2.503,HD liquid_2.5gcc_6000,-1
661,343,64,1.000,LD liquid_1.0gcc_2000,-1
662,547,64,2.000,HD liquid_2.0gcc_7000,-1
663,653,200,3.599,HD liquid_3.0gcc_8000,-1
664,213,64,3.000,HD liquid_3.0gcc_8000,-1
665,664,200,3.599,HD liquid_3.0gcc_8000,-1
666,557,64,2.000,HD liquid_2.0gcc_6000,-1
667,609,216,3.679,diamond_3.67gcc_3000,-1
668,660,384,2.674,graphite_2.67gcc_3000,-1
669,502,64,0.500,LD liquid_0.5gcc_1000,-1
670,667,200,2.503,HD liquid_2.5gcc_6000,-1
671,590,64,1.000,LD liquid_1.0gcc_2000,-1
672,178,216,3.563,diamond_3.68gcc_300,-1
673,24,512,3.000,HD liquid_3.0gcc_8000,-1
674,354,64,0.500,LD liquid_0.5gcc_1000,-1
675,422,64,2.000,HD liquid_2.0gcc_6000,-1
676,89,64,2.000,HD liquid_2.0gcc_7000,-1
677,677,200,3.599,HD liquid_3.6gcc_6000,-1
678,491,64,1.000,LD liquid_1.0gcc_2000,-1
679,292,216,3.679,diamond_3.67gcc_3000,-1
680,393,216,3.679,diamond_3.67gcc_3000,-1
681,57,216,3.679,diamond_3.67gcc_3000,-1
682,57,216,3.679,diamond_3.67gcc_3000,681
683,682,200,3.599,HD liquid_3.0gcc_8000,-1
684,683,200,3.599,HD liquid_3.6gcc_6000,-1
