mode,fps_seed,fraction,group,n_env_group,n_env_selected,frac_of_group,frames_in_group,frames_with_selection
stratified,0,0.01,HD liquid_2.0gcc_6000,5576,56,0.01004,85,36
stratified,0,0.01,HD liquid_2.0gcc_7000,1600,16,0.01,25,14
stratified,0,0.01,HD liquid_2.5gcc_6000,5000,50,0.01,25,22
stratified,0,0.01,HD liquid_3.0gcc_8000,29664,297,0.01001,92,72
stratified,0,0.01,HD liquid_3.6gcc_6000,14312,143,0.00999,70,46
stratified,0,0.01,LD liquid_0.5gcc_1000,5376,54,0.01004,84,33
stratified,0,0.01,LD liquid_1.0gcc_2000,5440,54,0.00993,85,37
stratified,0,0.01,diamond_0.0gcc_CC,1080,11,0.01019,5,3
stratified,0,0.01,diamond_3.67gcc_3000,14040,140,0.00997,65,40
stratified,0,0.01,diamond_3.68gcc_300,5400,54,0.01,25,10
stratified,0,0.01,graphite_0.0gcc_CC,3072,31,0.01009,8,8
stratified,0,0.01,graphite_2.39gcc_300,9600,96,0.01,25,24
stratified,0,0.01,graphite_2.56gcc_1500,9600,96,0.01,25,22
stratified,0,0.01,graphite_2.67gcc_3000,24960,250,0.01002,65,59
stratified,0,0.015,HD liquid_2.0gcc_6000,5576,84,0.01506,85,44
stratified,0,0.015,HD liquid_2.0gcc_7000,1600,24,0.015,25,19
stratified,0,0.015,HD liquid_2.5gcc_6000,5000,75,0.015,25,24
stratified,0,0.015,HD liquid_3.0gcc_8000,29664,445,0.015,92,80
stratified,0,0.015,HD liquid_3.6gcc_6000,14312,215,0.01502,70,57
stratified,0,0.015,LD liquid_0.5gcc_1000,5376,81,0.01507,84,40
stratified,0,0.015,LD liquid_1.0gcc_2000,5440,82,0.01507,85,46
stratified,0,0.015,diamond_0.0gcc_CC,1080,16,0.01481,5,4
stratified,0,0.015,diamond_3.67gcc_3000,14040,211,0.01503,65,40
stratified,0,0.015,diamond_3.68gcc_300,5400,81,0.015,25,12
stratified,0,0.015,graphite_0.0gcc_CC,3072,46,0.01497,8,8
stratified,0,0.015,graphite_2.39gcc_300,9600,144,0.015,25,24
stratified,0,0.015,graphite_2.56gcc_1500,9600,144,0.015,25,23
stratified,0,0.015,graphite_2.67gcc_3000,24960,374,0.01498,65,62
stratified,0,0.02,HD liquid_2.0gcc_6000,5576,112,0.02009,85,52
stratified,0,0.02,HD liquid_2.0gcc_7000,1600,32,0.02,25,20
stratified,0,0.02,HD liquid_2.5gcc_6000,5000,100,0.02,25,25
stratified,0,0.02,HD liquid_3.0gcc_8000,29664,593,0.01999,92,82
stratified,0,0.02,HD liquid_3.6gcc_6000,14312,286,0.01998,70,61
stratified,0,0.02,LD liquid_0.5gcc_1000,5376,108,0.02009,84,49
stratified,0,0.02,LD liquid_1.0gcc_2000,5440,109,0.02004,85,55
stratified,0,0.02,diamond_0.0gcc_CC,1080,22,0.02037,5,5
stratified,0,0.02,diamond_3.67gcc_3000,14040,281,0.02001,65,41
stratified,0,0.02,diamond_3.68gcc_300,5400,108,0.02,25,12
stratified,0,0.02,graphite_0.0gcc_CC,3072,61,0.01986,8,8
stratified,0,0.02,graphite_2.39gcc_300,9600,192,0.02,25,25
stratified,0,0.02,graphite_2.56gcc_1500,9600,192,0.02,25,24
stratified,0,0.02,graphite_2.67gcc_3000,24960,499,0.01999,65,63
stratified,0,0.025,HD liquid_2.0gcc_6000,5576,139,0.02493,85,57
stratified,0,0.025,HD liquid_2.0gcc_7000,1600,40,0.025,25,21
stratified,0,0.025,HD liquid_2.5gcc_6000,5000,125,0.025,25,25
stratified,0,0.025,HD liquid_3.0gcc_8000,29664,742,0.02501,92,85
stratified,0,0.025,HD liquid_3.6gcc_6000,14312,358,0.02501,70,66
stratified,0,0.025,LD liquid_0.5gcc_1000,5376,134,0.02493,84,55
stratified,0,0.025,LD liquid_1.0gcc_2000,5440,136,0.025,85,62
stratified,0,0.025,diamond_0.0gcc_CC,1080,27,0.025,5,5
stratified,0,0.025,diamond_3.67gcc_3000,14040,351,0.025,65,42
stratified,0,0.025,diamond_3.68gcc_300,5400,135,0.025,25,13
stratified,0,0.025,graphite_0.0gcc_CC,3072,77,0.02507,8,8
stratified,0,0.025,graphite_2.39gcc_300,9600,240,0.025,25,25
stratified,0,0.025,graphite_2.56gcc_1500,9600,240,0.025,25,24
stratified,0,0.025,graphite_2.67gcc_3000,24960,624,0.025,65,63
stratified,0,0.03,HD liquid_2.0gcc_6000,5576,167,0.02995,85,59
stratified,0,0.03,HD liquid_2.0gcc_7000,1600,48,0.03,25,22
stratified,0,0.03,HD liquid_2.5gcc_6000,5000,150,0.03,25,25
stratified,0,0.03,HD liquid_3.0gcc_8000,29664,890,0.03,92,87
stratified,0,0.03,HD liquid_3.6gcc_6000,14312,429,0.02997,70,68
stratified,0,0.03,LD liquid_0.5gcc_1000,5376,161,0.02995,84,61
stratified,0,0.03,LD liquid_1.0gcc_2000,5440,163,0.02996,85,68
stratified,0,0.03,diamond_0.0gcc_CC,1080,32,0.02963,5,5
stratified,0,0.03,diamond_3.67gcc_3000,14040,421,0.02999,65,43
stratified,0,0.03,diamond_3.68gcc_300,5400,162,0.03,25,14
stratified,0,0.03,graphite_0.0gcc_CC,3072,92,0.02995,8,8
stratified,0,0.03,graphite_2.39gcc_300,9600,288,0.03,25,25
stratified,0,0.03,graphite_2.56gcc_1500,9600,288,0.03,25,24
stratified,0,0.03,graphite_2.67gcc_3000,24960,749,0.03001,65,63
stratified,0,0.035,HD liquid_2.0gcc_6000,5576,195,0.03497,85,62
stratified,0,0.035,HD liquid_2.0gcc_7000,1600,56,0.035,25,22
stratified,0,0.035,HD liquid_2.5gcc_6000,5000,175,0.035,25,25
stratified,0,0.035,HD liquid_3.0gcc_8000,29664,1038,0.03499,92,88
stratified,0,0.035,HD liquid_3.6gcc_6000,14312,501,0.03501,70,69
stratified,0,0.035,LD liquid_0.5gcc_1000,5376,188,0.03497,84,63
stratified,0,0.035,LD liquid_1.0gcc_2000,5440,190,0.03493,85,76
stratified,0,0.035,diamond_0.0gcc_CC,1080,38,0.03519,5,5
stratified,0,0.035,diamond_3.67gcc_3000,14040,491,0.03497,65,44
stratified,0,0.035,diamond_3.68gcc_300,5400,189,0.035,25,15
stratified,0,0.035,graphite_0.0gcc_CC,3072,108,0.03516,8,8
stratified,0,0.035,graphite_2.39gcc_300,9600,336,0.035,25,25
stratified,0,0.035,graphite_2.56gcc_1500,9600,336,0.035,25,24
stratified,0,0.035,graphite_2.67gcc_3000,24960,874,0.03502,65,63
stratified,0,0.04,HD liquid_2.0gcc_6000,5576,223,0.03999,85,68
stratified,0,0.04,HD liquid_2.0gcc_7000,1600,64,0.04,25,24
stratified,0,0.04,HD liquid_2.5gcc_6000,5000,200,0.04,25,25
stratified,0,0.04,HD liquid_3.0gcc_8000,29664,1187,0.04001,92,89
stratified,0,0.04,HD liquid_3.6gcc_6000,14312,572,0.03997,70,69
stratified,0,0.04,LD liquid_0.5gcc_1000,5376,215,0.03999,84,64
stratified,0,0.04,LD liquid_1.0gcc_2000,5440,218,0.04007,85,78
stratified,0,0.04,diamond_0.0gcc_CC,1080,43,0.03981,5,5
stratified,0,0.04,diamond_3.67gcc_3000,14040,562,0.04003,65,45
stratified,0,0.04,diamond_3.68gcc_300,5400,216,0.04,25,16
stratified,0,0.04,graphite_0.0gcc_CC,3072,123,0.04004,8,8
stratified,0,0.04,graphite_2.39gcc_300,9600,384,0.04,25,25
stratified,0,0.04,graphite_2.56gcc_1500,9600,384,0.04,25,24
stratified,0,0.04,graphite_2.67gcc_3000,24960,998,0.03998,65,63
stratified,0,0.045,HD liquid_2.0gcc_6000,5576,251,0.04501,85,74
stratified,0,0.045,HD liquid_2.0gcc_7000,1600,72,0.045,25,24
stratified,0,0.045,HD liquid_2.5gcc_6000,5000,225,0.045,25,25
stratified,0,0.045,HD liquid_3.0gcc_8000,29664,1335,0.045,92,89
stratified,0,0.045,HD liquid_3.6gcc_6000,14312,644,0.045,70,69
stratified,0,0.045,LD liquid_0.5gcc_1000,5376,242,0.04501,84,68
stratified,0,0.045,LD liquid_1.0gcc_2000,5440,245,0.04504,85,79
stratified,0,0.045,diamond_0.0gcc_CC,1080,49,0.04537,5,5
stratified,0,0.045,diamond_3.67gcc_3000,14040,632,0.04501,65,45
stratified,0,0.045,diamond_3.68gcc_300,5400,243,0.045,25,16
stratified,0,0.045,graphite_0.0gcc_CC,3072,138,0.04492,8,8
stratified,0,0.045,graphite_2.39gcc_300,9600,432,0.045,25,25
stratified,0,0.045,graphite_2.56gcc_1500,9600,432,0.045,25,24
stratified,0,0.045,graphite_2.67gcc_3000,24960,1123,0.04499,65,63
stratified,0,0.05,HD liquid_2.0gcc_6000,5576,279,0.05004,85,75
stratified,0,0.05,HD liquid_2.0gcc_7000,1600,80,0.05,25,24
stratified,0,0.05,HD liquid_2.5gcc_6000,5000,250,0.05,25,25
stratified,0,0.05,HD liquid_3.0gcc_8000,29664,1483,0.04999,92,89
stratified,0,0.05,HD liquid_3.6gcc_6000,14312,716,0.05003,70,69
stratified,0,0.05,LD liquid_0.5gcc_1000,5376,269,0.05004,84,68
stratified,0,0.05,LD liquid_1.0gcc_2000,5440,272,0.05,85,82
stratified,0,0.05,diamond_0.0gcc_CC,1080,54,0.05,5,5
stratified,0,0.05,diamond_3.67gcc_3000,14040,702,0.05,65,45
stratified,0,0.05,diamond_3.68gcc_300,5400,270,0.05,25,17
stratified,0,0.05,graphite_0.0gcc_CC,3072,154,0.05013,8,8
stratified,0,0.05,graphite_2.39gcc_300,9600,480,0.05,25,25
stratified,0,0.05,graphite_2.56gcc_1500,9600,480,0.05,25,24
stratified,0,0.05,graphite_2.67gcc_3000,24960,1248,0.05,65,63
stratified,0,0.055,HD liquid_2.0gcc_6000,5576,307,0.05506,85,77
stratified,0,0.055,HD liquid_2.0gcc_7000,1600,88,0.055,25,24
stratified,0,0.055,HD liquid_2.5gcc_6000,5000,275,0.055,25,25
stratified,0,0.055,HD liquid_3.0gcc_8000,29664,1632,0.05502,92,90
stratified,0,0.055,HD liquid_3.6gcc_6000,14312,787,0.05499,70,69
stratified,0,0.055,LD liquid_0.5gcc_1000,5376,296,0.05506,84,73
stratified,0,0.055,LD liquid_1.0gcc_2000,5440,299,0.05496,85,82
stratified,0,0.055,diamond_0.0gcc_CC,1080,59,0.05463,5,5
stratified,0,0.055,diamond_3.67gcc_3000,14040,772,0.05499,65,45
stratified,0,0.055,diamond_3.68gcc_300,5400,297,0.055,25,17
stratified,0,0.055,graphite_0.0gcc_CC,3072,169,0.05501,8,8
stratified,0,0.055,graphite_2.39gcc_300,9600,528,0.055,25,25
stratified,0,0.055,graphite_2.56gcc_1500,9600,528,0.055,25,25
stratified,0,0.055,graphite_2.67gcc_3000,24960,1373,0.05501,65,63
stratified,0,0.06,HD liquid_2.0gcc_6000,5576,335,0.06008,85,78
stratified,0,0.06,HD liquid_2.0gcc_7000,1600,96,0.06,25,24
stratified,0,0.06,HD liquid_2.5gcc_6000,5000,300,0.06,25,25
stratified,0,0.06,HD liquid_3.0gcc_8000,29664,1780,0.06001,92,90
stratified,0,0.06,HD liquid_3.6gcc_6000,14312,859,0.06002,70,70
stratified,0,0.06,LD liquid_0.5gcc_1000,5376,323,0.06008,84,73
stratified,0,0.06,LD liquid_1.0gcc_2000,5440,326,0.05993,85,84
stratified,0,0.06,diamond_0.0gcc_CC,1080,65,0.06019,5,5
stratified,0,0.06,diamond_3.67gcc_3000,14040,842,0.05997,65,45
stratified,0,0.06,diamond_3.68gcc_300,5400,324,0.06,25,17
stratified,0,0.06,graphite_0.0gcc_CC,3072,184,0.0599,8,8
stratified,0,0.06,graphite_2.39gcc_300,9600,576,0.06,25,25
stratified,0,0.06,graphite_2.56gcc_1500,9600,576,0.06,25,25
stratified,0,0.06,graphite_2.67gcc_3000,24960,1498,0.06002,65,63
stratified,0,0.065,HD liquid_2.0gcc_6000,5576,362,0.06492,85,78
stratified,0,0.065,HD liquid_2.0gcc_7000,1600,104,0.065,25,25
stratified,0,0.065,HD liquid_2.5gcc_6000,5000,325,0.065,25,25
stratified,0,0.065,HD liquid_3.0gcc_8000,29664,1928,0.06499,92,90
stratified,0,0.065,HD liquid_3.6gcc_6000,14312,930,0.06498,70,70
stratified,0,0.065,LD liquid_0.5gcc_1000,5376,349,0.06492,84,75
stratified,0,0.065,LD liquid_1.0gcc_2000,5440,354,0.06507,85,84
stratified,0,0.065,diamond_0.0gcc_CC,1080,70,0.06481,5,5
stratified,0,0.065,diamond_3.67gcc_3000,14040,913,0.06503,65,45
stratified,0,0.065,diamond_3.68gcc_300,5400,351,0.065,25,17
stratified,0,0.065,graphite_0.0gcc_CC,3072,200,0.0651,8,8
stratified,0,0.065,graphite_2.39gcc_300,9600,624,0.065,25,25
stratified,0,0.065,graphite_2.56gcc_1500,9600,624,0.065,25,25
stratified,0,0.065,graphite_2.67gcc_3000,24960,1622,0.06498,65,63
stratified,0,0.07,HD liquid_2.0gcc_6000,5576,390,0.06994,85,80
stratified,0,0.07,HD liquid_2.0gcc_7000,1600,112,0.07,25,25
stratified,0,0.07,HD liquid_2.5gcc_6000,5000,350,0.07,25,25
stratified,0,0.07,HD liquid_3.0gcc_8000,29664,2076,0.06998,92,90
stratified,0,0.07,HD liquid_3.6gcc_6000,14312,1002,0.07001,70,70
stratified,0,0.07,LD liquid_0.5gcc_1000,5376,376,0.06994,84,75
stratified,0,0.07,LD liquid_1.0gcc_2000,5440,381,0.07004,85,84
stratified,0,0.07,diamond_0.0gcc_CC,1080,76,0.07037,5,5
stratified,0,0.07,diamond_3.67gcc_3000,14040,983,0.07001,65,46
stratified,0,0.07,diamond_3.68gcc_300,5400,378,0.07,25,17
stratified,0,0.07,graphite_0.0gcc_CC,3072,215,0.06999,8,8
stratified,0,0.07,graphite_2.39gcc_300,9600,672,0.07,25,25
stratified,0,0.07,graphite_2.56gcc_1500,9600,672,0.07,25,25
stratified,0,0.07,graphite_2.67gcc_3000,24960,1747,0.06999,65,63
stratified,0,0.075,HD liquid_2.0gcc_6000,5576,418,0.07496,85,80
stratified,0,0.075,HD liquid_2.0gcc_7000,1600,120,0.075,25,25
stratified,0,0.075,HD liquid_2.5gcc_6000,5000,375,0.075,25,25
stratified,0,0.075,HD liquid_3.0gcc_8000,29664,2225,0.07501,92,90
stratified,0,0.075,HD liquid_3.6gcc_6000,14312,1073,0.07497,70,70
stratified,0,0.075,LD liquid_0.5gcc_1000,5376,403,0.07496,84,75
stratified,0,0.075,LD liquid_1.0gcc_2000,5440,408,0.075,85,84
stratified,0,0.075,diamond_0.0gcc_CC,1080,81,0.075,5,5
stratified,0,0.075,diamond_3.67gcc_3000,14040,1053,0.075,65,46
stratified,0,0.075,diamond_3.68gcc_300,5400,405,0.075,25,18
stratified,0,0.075,graphite_0.0gcc_CC,3072,230,0.07487,8,8
stratified,0,0.075,graphite_2.39gcc_300,9600,720,0.075,25,25
stratified,0,0.075,graphite_2.56gcc_1500,9600,720,0.075,25,25
stratified,0,0.075,graphite_2.67gcc_3000,24960,1872,0.075,65,63
stratified,0,0.08,HD liquid_2.0gcc_6000,5576,446,0.07999,85,80
stratified,0,0.08,HD liquid_2.0gcc_7000,1600,128,0.08,25,25
stratified,0,0.08,HD liquid_2.5gcc_6000,5000,400,0.08,25,25
stratified,0,0.08,HD liquid_3.0gcc_8000,29664,2373,0.08,92,91
stratified,0,0.08,HD liquid_3.6gcc_6000,14312,1145,0.08,70,70
stratified,0,0.08,LD liquid_0.5gcc_1000,5376,430,0.07999,84,76
stratified,0,0.08,LD liquid_1.0gcc_2000,5440,435,0.07996,85,84
stratified,0,0.08,diamond_0.0gcc_CC,1080,86,0.07963,5,5
stratified,0,0.08,diamond_3.67gcc_3000,14040,1123,0.07999,65,46
stratified,0,0.08,diamond_3.68gcc_300,5400,432,0.08,25,18
stratified,0,0.08,graphite_0.0gcc_CC,3072,246,0.08008,8,8
stratified,0,0.08,graphite_2.39gcc_300,9600,768,0.08,25,25
stratified,0,0.08,graphite_2.56gcc_1500,9600,768,0.08,25,25
stratified,0,0.08,graphite_2.67gcc_3000,24960,1997,0.08001,65,63
stratified,0,0.085,HD liquid_2.0gcc_6000,5576,474,0.08501,85,82
stratified,0,0.085,HD liquid_2.0gcc_7000,1600,136,0.085,25,25
stratified,0,0.085,HD liquid_2.5gcc_6000,5000,425,0.085,25,25
stratified,0,0.085,HD liquid_3.0gcc_8000,29664,2521,0.08499,92,91
stratified,0,0.085,HD liquid_3.6gcc_6000,14312,1217,0.08503,70,70
stratified,0,0.085,LD liquid_0.5gcc_1000,5376,457,0.08501,84,76
stratified,0,0.085,LD liquid_1.0gcc_2000,5440,462,0.08493,85,84
stratified,0,0.085,diamond_0.0gcc_CC,1080,92,0.08519,5,5
stratified,0,0.085,diamond_3.67gcc_3000,14040,1193,0.08497,65,46
stratified,0,0.085,diamond_3.68gcc_300,5400,459,0.085,25,18
stratified,0,0.085,graphite_0.0gcc_CC,3072,261,0.08496,8,8
stratified,0,0.085,graphite_2.39gcc_300,9600,816,0.085,25,25
stratified,0,0.085,graphite_2.56gcc_1500,9600,816,0.085,25,25
stratified,0,0.085,graphite_2.67gcc_3000,24960,2122,0.08502,65,63
stratified,0,0.09,HD liquid_2.0gcc_6000,5576,502,0.09003,85,83
stratified,0,0.09,HD liquid_2.0gcc_7000,1600,144,0.09,25,25
stratified,0,0.09,HD liquid_2.5gcc_6000,5000,450,0.09,25,25
stratified,0,0.09,HD liquid_3.0gcc_8000,29664,2670,0.09001,92,92
stratified,0,0.09,HD liquid_3.6gcc_6000,14312,1288,0.08999,70,70
stratified,0,0.09,LD liquid_0.5gcc_1000,5376,484,0.09003,84,77
stratified,0,0.09,LD liquid_1.0gcc_2000,5440,490,0.09007,85,85
stratified,0,0.09,diamond_0.0gcc_CC,1080,97,0.08981,5,5
stratified,0,0.09,diamond_3.67gcc_3000,14040,1264,0.09003,65,46
stratified,0,0.09,diamond_3.68gcc_300,5400,486,0.09,25,19
stratified,0,0.09,graphite_0.0gcc_CC,3072,276,0.08984,8,8
stratified,0,0.09,graphite_2.39gcc_300,9600,864,0.09,25,25
stratified,0,0.09,graphite_2.56gcc_1500,9600,864,0.09,25,25
stratified,0,0.09,graphite_2.67gcc_3000,24960,2246,0.08998,65,63
stratified,0,0.095,HD liquid_2.0gcc_6000,5576,530,0.09505,85,84
stratified,0,0.095,HD liquid_2.0gcc_7000,1600,152,0.095,25,25
stratified,0,0.095,HD liquid_2.5gcc_6000,5000,475,0.095,25,25
stratified,0,0.095,HD liquid_3.0gcc_8000,29664,2818,0.095,92,92
stratified,0,0.095,HD liquid_3.6gcc_6000,14312,1360,0.09503,70,70
stratified,0,0.095,LD liquid_0.5gcc_1000,5376,511,0.09505,84,79
stratified,0,0.095,LD liquid_1.0gcc_2000,5440,517,0.09504,85,85
stratified,0,0.095,diamond_0.0gcc_CC,1080,103,0.09537,5,5
stratified,0,0.095,diamond_3.67gcc_3000,14040,1334,0.09501,65,46
stratified,0,0.095,diamond_3.68gcc_300,5400,513,0.095,25,20
stratified,0,0.095,graphite_0.0gcc_CC,3072,292,0.09505,8,8
stratified,0,0.095,graphite_2.39gcc_300,9600,912,0.095,25,25
stratified,0,0.095,graphite_2.56gcc_1500,9600,912,0.095,25,25
stratified,0,0.095,graphite_2.67gcc_3000,24960,2371,0.09499,65,63
stratified,0,0.1,HD liquid_2.0gcc_6000,5576,558,0.10007,85,84
stratified,0,0.1,HD liquid_2.0gcc_7000,1600,160,0.1,25,25
stratified,0,0.1,HD liquid_2.5gcc_6000,5000,500,0.1,25,25
stratified,0,0.1,HD liquid_3.0gcc_8000,29664,2966,0.09999,92,92
stratified,0,0.1,HD liquid_3.6gcc_6000,14312,1431,0.09999,70,70
stratified,0,0.1,LD liquid_0.5gcc_1000,5376,538,0.10007,84,79
stratified,0,0.1,LD liquid_1.0gcc_2000,5440,544,0.1,85,85
stratified,0,0.1,diamond_0.0gcc_CC,1080,108,0.1,5,5
stratified,0,0.1,diamond_3.67gcc_3000,14040,1404,0.1,65,46
stratified,0,0.1,diamond_3.68gcc_300,5400,540,0.1,25,20
stratified,0,0.1,graphite_0.0gcc_CC,3072,307,0.09993,8,8
stratified,0,0.1,graphite_2.39gcc_300,9600,960,0.1,25,25
stratified,0,0.1,graphite_2.56gcc_1500,9600,960,0.1,25,25
stratified,0,0.1,graphite_2.67gcc_3000,24960,2496,0.1,65,63
stratified,0,0.2,HD liquid_2.0gcc_6000,5576,1115,0.19996,85,84
stratified,0,0.2,HD liquid_2.0gcc_7000,1600,320,0.2,25,25
stratified,0,0.2,HD liquid_2.5gcc_6000,5000,1000,0.2,25,25
stratified,0,0.2,HD liquid_3.0gcc_8000,29664,5933,0.20001,92,92
stratified,0,0.2,HD liquid_3.6gcc_6000,14312,2862,0.19997,70,70
stratified,0,0.2,LD liquid_0.5gcc_1000,5376,1075,0.19996,84,84
stratified,0,0.2,LD liquid_1.0gcc_2000,5440,1088,0.2,85,85
stratified,0,0.2,diamond_0.0gcc_CC,1080,216,0.2,5,5
stratified,0,0.2,diamond_3.67gcc_3000,14040,2808,0.2,65,49
stratified,0,0.2,diamond_3.68gcc_300,5400,1080,0.2,25,24
stratified,0,0.2,graphite_0.0gcc_CC,3072,614,0.19987,8,8
stratified,0,0.2,graphite_2.39gcc_300,9600,1920,0.2,25,25
stratified,0,0.2,graphite_2.56gcc_1500,9600,1920,0.2,25,25
stratified,0,0.2,graphite_2.67gcc_3000,24960,4992,0.2,65,63
stratified,0,0.3,HD liquid_2.0gcc_6000,5576,1673,0.30004,85,84
stratified,0,0.3,HD liquid_2.0gcc_7000,1600,480,0.3,25,25
stratified,0,0.3,HD liquid_2.5gcc_6000,5000,1500,0.3,25,25
stratified,0,0.3,HD liquid_3.0gcc_8000,29664,8899,0.29999,92,92
stratified,0,0.3,HD liquid_3.6gcc_6000,14312,4294,0.30003,70,70
stratified,0,0.3,LD liquid_0.5gcc_1000,5376,1613,0.30004,84,84
stratified,0,0.3,LD liquid_1.0gcc_2000,5440,1632,0.3,85,85
stratified,0,0.3,diamond_0.0gcc_CC,1080,324,0.3,5,5
stratified,0,0.3,diamond_3.67gcc_3000,14040,4212,0.3,65,49
stratified,0,0.3,diamond_3.68gcc_300,5400,1620,0.3,25,25
stratified,0,0.3,graphite_0.0gcc_CC,3072,922,0.30013,8,8
stratified,0,0.3,graphite_2.39gcc_300,9600,2880,0.3,25,25
stratified,0,0.3,graphite_2.56gcc_1500,9600,2880,0.3,25,25
stratified,0,0.3,graphite_2.67gcc_3000,24960,7488,0.3,65,63
stratified,0,0.4,HD liquid_2.0gcc_6000,5576,2230,0.39993,85,84
stratified,0,0.4,HD liquid_2.0gcc_7000,1600,640,0.4,25,25
stratified,0,0.4,HD liquid_2.5gcc_6000,5000,2000,0.4,25,25
stratified,0,0.4,HD liquid_3.0gcc_8000,29664,11866,0.40001,92,92
stratified,0,0.4,HD liquid_3.6gcc_6000,14312,5725,0.40001,70,70
stratified,0,0.4,LD liquid_0.5gcc_1000,5376,2150,0.39993,84,84
stratified,0,0.4,LD liquid_1.0gcc_2000,5440,2176,0.4,85,85
stratified,0,0.4,diamond_0.0gcc_CC,1080,432,0.4,5,5
stratified,0,0.4,diamond_3.67gcc_3000,14040,5616,0.4,65,50
stratified,0,0.4,diamond_3.68gcc_300,5400,2160,0.4,25,25
stratified,0,0.4,graphite_0.0gcc_CC,3072,1229,0.40007,8,8
stratified,0,0.4,graphite_2.39gcc_300,9600,3840,0.4,25,25
stratified,0,0.4,graphite_2.56gcc_1500,9600,3840,0.4,25,25
stratified,0,0.4,graphite_2.67gcc_3000,24960,9984,0.4,65,63
stratified,0,0.5,HD liquid_2.0gcc_6000,5576,2788,0.5,85,84
stratified,0,0.5,HD liquid_2.0gcc_7000,1600,800,0.5,25,25
stratified,0,0.5,HD liquid_2.5gcc_6000,5000,2500,0.5,25,25
stratified,0,0.5,HD liquid_3.0gcc_8000,29664,14832,0.5,92,92
stratified,0,0.5,HD liquid_3.6gcc_6000,14312,7156,0.5,70,70
stratified,0,0.5,LD liquid_0.5gcc_1000,5376,2688,0.5,84,84
stratified,0,0.5,LD liquid_1.0gcc_2000,5440,2720,0.5,85,85
stratified,0,0.5,diamond_0.0gcc_CC,1080,540,0.5,5,5
stratified,0,0.5,diamond_3.67gcc_3000,14040,7020,0.5,65,52
stratified,0,0.5,diamond_3.68gcc_300,5400,2700,0.5,25,25
stratified,0,0.5,graphite_0.0gcc_CC,3072,1536,0.5,8,8
stratified,0,0.5,graphite_2.39gcc_300,9600,4800,0.5,25,25
stratified,0,0.5,graphite_2.56gcc_1500,9600,4800,0.5,25,25
stratified,0,0.5,graphite_2.67gcc_3000,24960,12480,0.5,65,63
stratified,0,0.6,HD liquid_2.0gcc_6000,5576,3346,0.60007,85,84
stratified,0,0.6,HD liquid_2.0gcc_7000,1600,960,0.6,25,25
stratified,0,0.6,HD liquid_2.5gcc_6000,5000,3000,0.6,25,25
stratified,0,0.6,HD liquid_3.0gcc_8000,29664,17798,0.59999,92,92
stratified,0,0.6,HD liquid_3.6gcc_6000,14312,8587,0.59999,70,70
stratified,0,0.6,LD liquid_0.5gcc_1000,5376,3226,0.60007,84,84
stratified,0,0.6,LD liquid_1.0gcc_2000,5440,3264,0.6,85,85
stratified,0,0.6,diamond_0.0gcc_CC,1080,648,0.6,5,5
stratified,0,0.6,diamond_3.67gcc_3000,14040,8424,0.6,65,54
stratified,0,0.6,diamond_3.68gcc_300,5400,3240,0.6,25,25
stratified,0,0.6,graphite_0.0gcc_CC,3072,1843,0.59993,8,8
stratified,0,0.6,graphite_2.39gcc_300,9600,5760,0.6,25,25
stratified,0,0.6,graphite_2.56gcc_1500,9600,5760,0.6,25,25
stratified,0,0.6,graphite_2.67gcc_3000,24960,14976,0.6,65,63
stratified,0,0.7,HD liquid_2.0gcc_6000,5576,3903,0.69996,85,84
stratified,0,0.7,HD liquid_2.0gcc_7000,1600,1120,0.7,25,25
stratified,0,0.7,HD liquid_2.5gcc_6000,5000,3500,0.7,25,25
stratified,0,0.7,HD liquid_3.0gcc_8000,29664,20765,0.70001,92,92
stratified,0,0.7,HD liquid_3.6gcc_6000,14312,10018,0.69997,70,70
stratified,0,0.7,LD liquid_0.5gcc_1000,5376,3763,0.69996,84,84
stratified,0,0.7,LD liquid_1.0gcc_2000,5440,3808,0.7,85,85
stratified,0,0.7,diamond_0.0gcc_CC,1080,756,0.7,5,5
stratified,0,0.7,diamond_3.67gcc_3000,14040,9828,0.7,65,59
stratified,0,0.7,diamond_3.68gcc_300,5400,3780,0.7,25,25
stratified,0,0.7,graphite_0.0gcc_CC,3072,2150,0.69987,8,8
stratified,0,0.7,graphite_2.39gcc_300,9600,6720,0.7,25,25
stratified,0,0.7,graphite_2.56gcc_1500,9600,6720,0.7,25,25
stratified,0,0.7,graphite_2.67gcc_3000,24960,17472,0.7,65,63
stratified,0,0.8,HD liquid_2.0gcc_6000,5576,4461,0.80004,85,84
stratified,0,0.8,HD liquid_2.0gcc_7000,1600,1280,0.8,25,25
stratified,0,0.8,HD liquid_2.5gcc_6000,5000,4000,0.8,25,25
stratified,0,0.8,HD liquid_3.0gcc_8000,29664,23731,0.79999,92,92
stratified,0,0.8,HD liquid_3.6gcc_6000,14312,11450,0.80003,70,70
stratified,0,0.8,LD liquid_0.5gcc_1000,5376,4301,0.80004,84,84
stratified,0,0.8,LD liquid_1.0gcc_2000,5440,4352,0.8,85,85
stratified,0,0.8,diamond_0.0gcc_CC,1080,864,0.8,5,5
stratified,0,0.8,diamond_3.67gcc_3000,14040,11232,0.8,65,62
stratified,0,0.8,diamond_3.68gcc_300,5400,4320,0.8,25,25
stratified,0,0.8,graphite_0.0gcc_CC,3072,2458,0.80013,8,8
stratified,0,0.8,graphite_2.39gcc_300,9600,7680,0.8,25,25
stratified,0,0.8,graphite_2.56gcc_1500,9600,7680,0.8,25,25
stratified,0,0.8,graphite_2.67gcc_3000,24960,19968,0.8,65,63
stratified,0,0.9,HD liquid_2.0gcc_6000,5576,5018,0.89993,85,84
stratified,0,0.9,HD liquid_2.0gcc_7000,1600,1440,0.9,25,25
stratified,0,0.9,HD liquid_2.5gcc_6000,5000,4500,0.9,25,25
stratified,0,0.9,HD liquid_3.0gcc_8000,29664,26698,0.90001,92,92
stratified,0,0.9,HD liquid_3.6gcc_6000,14312,12881,0.90001,70,70
stratified,0,0.9,LD liquid_0.5gcc_1000,5376,4838,0.89993,84,84
stratified,0,0.9,LD liquid_1.0gcc_2000,5440,4896,0.9,85,85
stratified,0,0.9,diamond_0.0gcc_CC,1080,972,0.9,5,5
stratified,0,0.9,diamond_3.67gcc_3000,14040,12636,0.9,65,63
stratified,0,0.9,diamond_3.68gcc_300,5400,4860,0.9,25,25
stratified,0,0.9,graphite_0.0gcc_CC,3072,2765,0.90007,8,8
stratified,0,0.9,graphite_2.39gcc_300,9600,8640,0.9,25,25
stratified,0,0.9,graphite_2.56gcc_1500,9600,8640,0.9,25,25
stratified,0,0.9,graphite_2.67gcc_3000,24960,22464,0.9,65,63
stratified,0,1.0,HD liquid_2.0gcc_6000,5576,5576,1.0,85,85
stratified,0,1.0,HD liquid_2.0gcc_7000,1600,1600,1.0,25,25
stratified,0,1.0,HD liquid_2.5gcc_6000,5000,5000,1.0,25,25
stratified,0,1.0,HD liquid_3.0gcc_8000,29664,29664,1.0,92,92
stratified,0,1.0,HD liquid_3.6gcc_6000,14312,14312,1.0,70,70
stratified,0,1.0,LD liquid_0.5gcc_1000,5376,5376,1.0,84,84
stratified,0,1.0,LD liquid_1.0gcc_2000,5440,5440,1.0,85,85
stratified,0,1.0,diamond_0.0gcc_CC,1080,1080,1.0,5,5
stratified,0,1.0,diamond_3.67gcc_3000,14040,14040,1.0,65,65
stratified,0,1.0,diamond_3.68gcc_300,5400,5400,1.0,25,25
stratified,0,1.0,graphite_0.0gcc_CC,3072,3072,1.0,8,8
stratified,0,1.0,graphite_2.39gcc_300,9600,9600,1.0,25,25
stratified,0,1.0,graphite_2.56gcc_1500,9600,9600,1.0,25,25
stratified,0,1.0,graphite_2.67gcc_3000,24960,24960,1.0,65,65
global,0,0.01,HD liquid_2.0gcc_6000,5576,221,0.03963,85,80
global,0,0.01,HD liquid_2.0gcc_7000,1600,68,0.0425,25,22
global,0,0.01,HD liquid_2.5gcc_6000,5000,81,0.0162,25,22
global,0,0.01,HD liquid_3.0gcc_8000,29664,508,0.01713,92,80
global,0,0.01,HD liquid_3.6gcc_6000,14312,240,0.01677,70,56
global,0,0.01,LD liquid_0.5gcc_1000,5376,86,0.016,84,51
global,0,0.01,LD liquid_1.0gcc_2000,5440,114,0.02096,85,54
global,0,0.01,diamond_0.0gcc_CC,1080,1,0.00093,5,1
global,0,0.01,diamond_3.67gcc_3000,14040,4,0.00028,65,4
global,0,0.01,diamond_3.68gcc_300,5400,1,0.00019,25,1
global,0,0.01,graphite_0.0gcc_CC,3072,1,0.00033,8,1
global,0,0.01,graphite_2.39gcc_300,9600,1,0.0001,25,1
global,0,0.01,graphite_2.56gcc_1500,9600,1,0.0001,25,1
global,0,0.01,graphite_2.67gcc_3000,24960,20,0.0008,65,15
global,0,0.015,HD liquid_2.0gcc_6000,5576,335,0.06008,85,83
global,0,0.015,HD liquid_2.0gcc_7000,1600,99,0.06188,25,23
global,0,0.015,HD liquid_2.5gcc_6000,5000,135,0.027,25,25
global,0,0.015,HD liquid_3.0gcc_8000,29664,770,0.02596,92,84
global,0,0.015,HD liquid_3.6gcc_6000,14312,377,0.02634,70,64
global,0,0.015,LD liquid_0.5gcc_1000,5376,105,0.01953,84,56
global,0,0.015,LD liquid_1.0gcc_2000,5440,151,0.02776,85,67
global,0,0.015,diamond_0.0gcc_CC,1080,1,0.00093,5,1
global,0,0.015,diamond_3.67gcc_3000,14040,7,0.0005,65,6
global,0,0.015,diamond_3.68gcc_300,5400,1,0.00019,25,1
global,0,0.015,graphite_0.0gcc_CC,3072,2,0.00065,8,1
global,0,0.015,graphite_2.39gcc_300,9600,1,0.0001,25,1
global,0,0.015,graphite_2.56gcc_1500,9600,2,0.00021,25,2
global,0,0.015,graphite_2.67gcc_3000,24960,35,0.0014,65,23
global,0,0.02,HD liquid_2.0gcc_6000,5576,442,0.07927,85,83
global,0,0.02,HD liquid_2.0gcc_7000,1600,138,0.08625,25,24
global,0,0.02,HD liquid_2.5gcc_6000,5000,183,0.0366,25,25
global,0,0.02,HD liquid_3.0gcc_8000,29664,1045,0.03523,92,89
global,0,0.02,HD liquid_3.6gcc_6000,14312,504,0.03522,70,67
global,0,0.02,LD liquid_0.5gcc_1000,5376,121,0.02251,84,58
global,0,0.02,LD liquid_1.0gcc_2000,5440,193,0.03548,85,72
global,0,0.02,diamond_0.0gcc_CC,1080,1,0.00093,5,1
global,0,0.02,diamond_3.67gcc_3000,14040,10,0.00071,65,9
global,0,0.02,diamond_3.68gcc_300,5400,1,0.00019,25,1
global,0,0.02,graphite_0.0gcc_CC,3072,2,0.00065,8,1
global,0,0.02,graphite_2.39gcc_300,9600,1,0.0001,25,1
global,0,0.02,graphite_2.56gcc_1500,9600,2,0.00021,25,2
global,0,0.02,graphite_2.67gcc_3000,24960,51,0.00204,65,29
global,0,0.025,HD liquid_2.0gcc_6000,5576,533,0.09559,85,83
global,0,0.025,HD liquid_2.0gcc_7000,1600,186,0.11625,25,24
global,0,0.025,HD liquid_2.5gcc_6000,5000,245,0.049,25,25
global,0,0.025,HD liquid_3.0gcc_8000,29664,1305,0.04399,92,89
global,0,0.025,HD liquid_3.6gcc_6000,14312,640,0.04472,70,69
global,0,0.025,LD liquid_0.5gcc_1000,5376,139,0.02586,84,59
global,0,0.025,LD liquid_1.0gcc_2000,5440,236,0.04338,85,76
global,0,0.025,diamond_0.0gcc_CC,1080,1,0.00093,5,1
global,0,0.025,diamond_3.67gcc_3000,14040,12,0.00085,65,11
global,0,0.025,diamond_3.68gcc_300,5400,1,0.00019,25,1
global,0,0.025,graphite_0.0gcc_CC,3072,2,0.00065,8,1
global,0,0.025,graphite_2.39gcc_300,9600,1,0.0001,25,1
global,0,0.025,graphite_2.56gcc_1500,9600,3,0.00031,25,3
global,0,0.025,graphite_2.67gcc_3000,24960,64,0.00256,65,36
global,0,0.03,HD liquid_2.0gcc_6000,5576,623,0.11173,85,83
global,0,0.03,HD liquid_2.0gcc_7000,1600,221,0.13812,25,24
global,0,0.03,HD liquid_2.5gcc_6000,5000,296,0.0592,25,25
global,0,0.03,HD liquid_3.0gcc_8000,29664,1598,0.05387,92,89
global,0,0.03,HD liquid_3.6gcc_6000,14312,774,0.05408,70,69
global,0,0.03,LD liquid_0.5gcc_1000,5376,153,0.02846,84,60
global,0,0.03,LD liquid_1.0gcc_2000,5440,276,0.05074,85,78
global,0,0.03,diamond_0.0gcc_CC,1080,1,0.00093,5,1
global,0,0.03,diamond_3.67gcc_3000,14040,14,0.001,65,11
global,0,0.03,diamond_3.68gcc_300,5400,1,0.00019,25,1
global,0,0.03,graphite_0.0gcc_CC,3072,2,0.00065,8,1
global,0,0.03,graphite_2.39gcc_300,9600,1,0.0001,25,1
global,0,0.03,graphite_2.56gcc_1500,9600,3,0.00031,25,3
global,0,0.03,graphite_2.67gcc_3000,24960,79,0.00317,65,39
global,0,0.035,HD liquid_2.0gcc_6000,5576,724,0.12984,85,83
global,0,0.035,HD liquid_2.0gcc_7000,1600,248,0.155,25,24
global,0,0.035,HD liquid_2.5gcc_6000,5000,363,0.0726,25,25
global,0,0.035,HD liquid_3.0gcc_8000,29664,1877,0.06328,92,89
global,0,0.035,HD liquid_3.6gcc_6000,14312,904,0.06316,70,69
global,0,0.035,LD liquid_0.5gcc_1000,5376,171,0.03181,84,63
global,0,0.035,LD liquid_1.0gcc_2000,5440,310,0.05699,85,80
global,0,0.035,diamond_0.0gcc_CC,1080,1,0.00093,5,1
global,0,0.035,diamond_3.67gcc_3000,14040,17,0.00121,65,13
global,0,0.035,diamond_3.68gcc_300,5400,1,0.00019,25,1
global,0,0.035,graphite_0.0gcc_CC,3072,3,0.00098,8,2
global,0,0.035,graphite_2.39gcc_300,9600,1,0.0001,25,1
global,0,0.035,graphite_2.56gcc_1500,9600,4,0.00042,25,4
global,0,0.035,graphite_2.67gcc_3000,24960,91,0.00365,65,41
global,0,0.04,HD liquid_2.0gcc_6000,5576,832,0.14921,85,83
global,0,0.04,HD liquid_2.0gcc_7000,1600,281,0.17562,25,24
global,0,0.04,HD liquid_2.5gcc_6000,5000,421,0.0842,25,25
global,0,0.04,HD liquid_3.0gcc_8000,29664,2157,0.07271,92,89
global,0,0.04,HD liquid_3.6gcc_6000,14312,1019,0.0712,70,69
global,0,0.04,LD liquid_0.5gcc_1000,5376,189,0.03516,84,68
global,0,0.04,LD liquid_1.0gcc_2000,5440,349,0.06415,85,82
global,0,0.04,diamond_0.0gcc_CC,1080,1,0.00093,5,1
global,0,0.04,diamond_3.67gcc_3000,14040,17,0.00121,65,13
global,0,0.04,diamond_3.68gcc_300,5400,1,0.00019,25,1
global,0,0.04,graphite_0.0gcc_CC,3072,3,0.00098,8,2
global,0,0.04,graphite_2.39gcc_300,9600,1,0.0001,25,1
global,0,0.04,graphite_2.56gcc_1500,9600,5,0.00052,25,5
global,0,0.04,graphite_2.67gcc_3000,24960,113,0.00453,65,45
global,0,0.045,HD liquid_2.0gcc_6000,5576,910,0.1632,85,83
global,0,0.045,HD liquid_2.0gcc_7000,1600,315,0.19688,25,24
global,0,0.045,HD liquid_2.5gcc_6000,5000,483,0.0966,25,25
global,0,0.045,HD liquid_3.0gcc_8000,29664,2448,0.08252,92,90
global,0,0.045,HD liquid_3.6gcc_6000,14312,1159,0.08098,70,69
global,0,0.045,LD liquid_0.5gcc_1000,5376,199,0.03702,84,68
global,0,0.045,LD liquid_1.0gcc_2000,5440,387,0.07114,85,83
global,0,0.045,diamond_0.0gcc_CC,1080,1,0.00093,5,1
global,0,0.045,diamond_3.67gcc_3000,14040,20,0.00142,65,14
global,0,0.045,diamond_3.68gcc_300,5400,1,0.00019,25,1
global,0,0.045,graphite_0.0gcc_CC,3072,3,0.00098,8,2
global,0,0.045,graphite_2.39gcc_300,9600,1,0.0001,25,1
global,0,0.045,graphite_2.56gcc_1500,9600,8,0.00083,25,7
global,0,0.045,graphite_2.67gcc_3000,24960,127,0.00509,65,51
global,0,0.05,HD liquid_2.0gcc_6000,5576,991,0.17773,85,83
global,0,0.05,HD liquid_2.0gcc_7000,1600,342,0.21375,25,24
global,0,0.05,HD liquid_2.5gcc_6000,5000,558,0.1116,25,25
global,0,0.05,HD liquid_3.0gcc_8000,29664,2751,0.09274,92,91
global,0,0.05,HD liquid_3.6gcc_6000,14312,1290,0.09013,70,69
global,0,0.05,LD liquid_0.5gcc_1000,5376,208,0.03869,84,68
global,0,0.05,LD liquid_1.0gcc_2000,5440,414,0.0761,85,83
global,0,0.05,diamond_0.0gcc_CC,1080,1,0.00093,5,1
global,0,0.05,diamond_3.67gcc_3000,14040,25,0.00178,65,17
global,0,0.05,diamond_3.68gcc_300,5400,1,0.00019,25,1
global,0,0.05,graphite_0.0gcc_CC,3072,3,0.00098,8,2
global,0,0.05,graphite_2.39gcc_300,9600,1,0.0001,25,1
global,0,0.05,graphite_2.56gcc_1500,9600,9,0.00094,25,8
global,0,0.05,graphite_2.67gcc_3000,24960,142,0.00569,65,54
global,0,0.055,HD liquid_2.0gcc_6000,5576,1086,0.19476,85,83
global,0,0.055,HD liquid_2.0gcc_7000,1600,371,0.23188,25,24
global,0,0.055,HD liquid_2.5gcc_6000,5000,619,0.1238,25,25
global,0,0.055,HD liquid_3.0gcc_8000,29664,3049,0.10278,92,91
global,0,0.055,HD liquid_3.6gcc_6000,14312,1416,0.09894,70,69
global,0,0.055,LD liquid_0.5gcc_1000,5376,219,0.04074,84,68
global,0,0.055,LD liquid_1.0gcc_2000,5440,454,0.08346,85,83
global,0,0.055,diamond_0.0gcc_CC,1080,1,0.00093,5,1
global,0,0.055,diamond_3.67gcc_3000,14040,27,0.00192,65,18
global,0,0.055,diamond_3.68gcc_300,5400,1,0.00019,25,1
global,0,0.055,graphite_0.0gcc_CC,3072,3,0.00098,8,2
global,0,0.055,graphite_2.39gcc_300,9600,2,0.00021,25,2
global,0,0.055,graphite_2.56gcc_1500,9600,12,0.00125,25,11
global,0,0.055,graphite_2.67gcc_3000,24960,150,0.00601,65,55
global,0,0.06,HD liquid_2.0gcc_6000,5576,1182,0.21198,85,83
global,0,0.06,HD liquid_2.0gcc_7000,1600,400,0.25,25,24
global,0,0.06,HD liquid_2.5gcc_6000,5000,683,0.1366,25,25
global,0,0.06,HD liquid_3.0gcc_8000,29664,3333,0.11236,92,91
global,0,0.06,HD liquid_3.6gcc_6000,14312,1546,0.10802,70,69
global,0,0.06,LD liquid_0.5gcc_1000,5376,230,0.04278,84,69
global,0,0.06,LD liquid_1.0gcc_2000,5440,486,0.08934,85,83
global,0,0.06,diamond_0.0gcc_CC,1080,1,0.00093,5,1
global,0,0.06,diamond_3.67gcc_3000,14040,29,0.00207,65,19
global,0,0.06,diamond_3.68gcc_300,5400,2,0.00037,25,2
global,0,0.06,graphite_0.0gcc_CC,3072,3,0.00098,8,2
global,0,0.06,graphite_2.39gcc_300,9600,2,0.00021,25,2
global,0,0.06,graphite_2.56gcc_1500,9600,15,0.00156,25,12
global,0,0.06,graphite_2.67gcc_3000,24960,171,0.00685,65,57
global,0,0.065,HD liquid_2.0gcc_6000,5576,1260,0.22597,85,83
global,0,0.065,HD liquid_2.0gcc_7000,1600,437,0.27312,25,24
global,0,0.065,HD liquid_2.5gcc_6000,5000,739,0.1478,25,25
global,0,0.065,HD liquid_3.0gcc_8000,29664,3635,0.12254,92,91
global,0,0.065,HD liquid_3.6gcc_6000,14312,1684,0.11766,70,69
global,0,0.065,LD liquid_0.5gcc_1000,5376,239,0.04446,84,69
global,0,0.065,LD liquid_1.0gcc_2000,5440,518,0.09522,85,83
global,0,0.065,diamond_0.0gcc_CC,1080,1,0.00093,5,1
global,0,0.065,diamond_3.67gcc_3000,14040,31,0.00221,65,21
global,0,0.065,diamond_3.68gcc_300,5400,3,0.00056,25,3
global,0,0.065,graphite_0.0gcc_CC,3072,3,0.00098,8,2
global,0,0.065,graphite_2.39gcc_300,9600,2,0.00021,25,2
global,0,0.065,graphite_2.56gcc_1500,9600,16,0.00167,25,12
global,0,0.065,graphite_2.67gcc_3000,24960,189,0.00757,65,59
global,0,0.07,HD liquid_2.0gcc_6000,5576,1332,0.23888,85,83
global,0,0.07,HD liquid_2.0gcc_7000,1600,456,0.285,25,24
global,0,0.07,HD liquid_2.5gcc_6000,5000,792,0.1584,25,25
global,0,0.07,HD liquid_3.0gcc_8000,29664,3963,0.1336,92,91
global,0,0.07,HD liquid_3.6gcc_6000,14312,1806,0.12619,70,69
global,0,0.07,LD liquid_0.5gcc_1000,5376,257,0.04781,84,71
global,0,0.07,LD liquid_1.0gcc_2000,5440,554,0.10184,85,83
global,0,0.07,diamond_0.0gcc_CC,1080,1,0.00093,5,1
global,0,0.07,diamond_3.67gcc_3000,14040,35,0.00249,65,22
global,0,0.07,diamond_3.68gcc_300,5400,3,0.00056,25,3
global,0,0.07,graphite_0.0gcc_CC,3072,3,0.00098,8,2
global,0,0.07,graphite_2.39gcc_300,9600,2,0.00021,25,2
global,0,0.07,graphite_2.56gcc_1500,9600,16,0.00167,25,12
global,0,0.07,graphite_2.67gcc_3000,24960,210,0.00841,65,61
global,0,0.075,HD liquid_2.0gcc_6000,5576,1407,0.25233,85,83
global,0,0.075,HD liquid_2.0gcc_7000,1600,475,0.29688,25,24
global,0,0.075,HD liquid_2.5gcc_6000,5000,851,0.1702,25,25
global,0,0.075,HD liquid_3.0gcc_8000,29664,4277,0.14418,92,92
global,0,0.075,HD liquid_3.6gcc_6000,14312,1945,0.1359,70,69
global,0,0.075,LD liquid_0.5gcc_1000,5376,265,0.04929,84,72
global,0,0.075,LD liquid_1.0gcc_2000,5440,586,0.10772,85,83
global,0,0.075,diamond_0.0gcc_CC,1080,1,0.00093,5,1
global,0,0.075,diamond_3.67gcc_3000,14040,37,0.00264,65,22
global,0,0.075,diamond_3.68gcc_300,5400,3,0.00056,25,3
global,0,0.075,graphite_0.0gcc_CC,3072,3,0.00098,8,2
global,0,0.075,graphite_2.39gcc_300,9600,2,0.00021,25,2
global,0,0.075,graphite_2.56gcc_1500,9600,17,0.00177,25,12
global,0,0.075,graphite_2.67gcc_3000,24960,235,0.00942,65,61
global,0,0.08,HD liquid_2.0gcc_6000,5576,1492,0.26758,85,83
global,0,0.08,HD liquid_2.0gcc_7000,1600,503,0.31438,25,24
global,0,0.08,HD liquid_2.5gcc_6000,5000,918,0.1836,25,25
global,0,0.08,HD liquid_3.0gcc_8000,29664,4576,0.15426,92,92
global,0,0.08,HD liquid_3.6gcc_6000,14312,2068,0.14449,70,69
global,0,0.08,LD liquid_0.5gcc_1000,5376,282,0.05246,84,73
global,0,0.08,LD liquid_1.0gcc_2000,5440,611,0.11232,85,83
global,0,0.08,diamond_0.0gcc_CC,1080,1,0.00093,5,1
global,0,0.08,diamond_3.67gcc_3000,14040,41,0.00292,65,24
global,0,0.08,diamond_3.68gcc_300,5400,3,0.00056,25,3
global,0,0.08,graphite_0.0gcc_CC,3072,3,0.00098,8,2
global,0,0.08,graphite_2.39gcc_300,9600,2,0.00021,25,2
global,0,0.08,graphite_2.56gcc_1500,9600,18,0.00188,25,12
global,0,0.08,graphite_2.67gcc_3000,24960,260,0.01042,65,61
global,0,0.085,HD liquid_2.0gcc_6000,5576,1583,0.2839,85,83
global,0,0.085,HD liquid_2.0gcc_7000,1600,532,0.3325,25,24
global,0,0.085,HD liquid_2.5gcc_6000,5000,977,0.1954,25,25
global,0,0.085,HD liquid_3.0gcc_8000,29664,4872,0.16424,92,92
global,0,0.085,HD liquid_3.6gcc_6000,14312,2204,0.154,70,69
global,0,0.085,LD liquid_0.5gcc_1000,5376,298,0.05543,84,73
global,0,0.085,LD liquid_1.0gcc_2000,5440,641,0.11783,85,83
global,0,0.085,diamond_0.0gcc_CC,1080,1,0.00093,5,1
global,0,0.085,diamond_3.67gcc_3000,14040,45,0.00321,65,26
global,0,0.085,diamond_3.68gcc_300,5400,3,0.00056,25,3
global,0,0.085,graphite_0.0gcc_CC,3072,3,0.00098,8,2
global,0,0.085,graphite_2.39gcc_300,9600,2,0.00021,25,2
global,0,0.085,graphite_2.56gcc_1500,9600,18,0.00188,25,12
global,0,0.085,graphite_2.67gcc_3000,24960,272,0.0109,65,61
global,0,0.09,HD liquid_2.0gcc_6000,5576,1653,0.29645,85,83
global,0,0.09,HD liquid_2.0gcc_7000,1600,557,0.34812,25,24
global,0,0.09,HD liquid_2.5gcc_6000,5000,1047,0.2094,25,25
global,0,0.09,HD liquid_3.0gcc_8000,29664,5171,0.17432,92,92
global,0,0.09,HD liquid_3.6gcc_6000,14312,2338,0.16336,70,69
global,0,0.09,LD liquid_0.5gcc_1000,5376,314,0.05841,84,73
global,0,0.09,LD liquid_1.0gcc_2000,5440,681,0.12518,85,84
global,0,0.09,diamond_0.0gcc_CC,1080,1,0.00093,5,1
global,0,0.09,diamond_3.67gcc_3000,14040,47,0.00335,65,27
global,0,0.09,diamond_3.68gcc_300,5400,3,0.00056,25,3
global,0,0.09,graphite_0.0gcc_CC,3072,3,0.00098,8,2
global,0,0.09,graphite_2.39gcc_300,9600,2,0.00021,25,2
global,0,0.09,graphite_2.56gcc_1500,9600,18,0.00188,25,12
global,0,0.09,graphite_2.67gcc_3000,24960,290,0.01162,65,61
global,0,0.095,HD liquid_2.0gcc_6000,5576,1739,0.31187,85,83
global,0,0.095,HD liquid_2.0gcc_7000,1600,581,0.36312,25,24
global,0,0.095,HD liquid_2.5gcc_6000,5000,1102,0.2204,25,25
global,0,0.095,HD liquid_3.0gcc_8000,29664,5473,0.1845,92,92
global,0,0.095,HD liquid_3.6gcc_6000,14312,2469,0.17251,70,69
global,0,0.095,LD liquid_0.5gcc_1000,5376,333,0.06194,84,73
global,0,0.095,LD liquid_1.0gcc_2000,5440,713,0.13107,85,84
global,0,0.095,diamond_0.0gcc_CC,1080,1,0.00093,5,1
global,0,0.095,diamond_3.67gcc_3000,14040,51,0.00363,65,28
global,0,0.095,diamond_3.68gcc_300,5400,3,0.00056,25,3
global,0,0.095,graphite_0.0gcc_CC,3072,3,0.00098,8,2
global,0,0.095,graphite_2.39gcc_300,9600,2,0.00021,25,2
global,0,0.095,graphite_2.56gcc_1500,9600,19,0.00198,25,12
global,0,0.095,graphite_2.67gcc_3000,24960,309,0.01238,65,61
global,0,0.1,HD liquid_2.0gcc_6000,5576,1800,0.32281,85,83
global,0,0.1,HD liquid_2.0gcc_7000,1600,604,0.3775,25,24
global,0,0.1,HD liquid_2.5gcc_6000,5000,1168,0.2336,25,25
global,0,0.1,HD liquid_3.0gcc_8000,29664,5794,0.19532,92,92
global,0,0.1,HD liquid_3.6gcc_6000,14312,2599,0.1816,70,69
global,0,0.1,LD liquid_0.5gcc_1000,5376,347,0.06455,84,74
global,0,0.1,LD liquid_1.0gcc_2000,5440,744,0.13676,85,84
global,0,0.1,diamond_0.0gcc_CC,1080,1,0.00093,5,1
global,0,0.1,diamond_3.67gcc_3000,14040,58,0.00413,65,30
global,0,0.1,diamond_3.68gcc_300,5400,3,0.00056,25,3
global,0,0.1,graphite_0.0gcc_CC,3072,3,0.00098,8,2
global,0,0.1,graphite_2.39gcc_300,9600,3,0.00031,25,3
global,0,0.1,graphite_2.56gcc_1500,9600,19,0.00198,25,12
global,0,0.1,graphite_2.67gcc_3000,24960,329,0.01318,65,61
global,0,0.2,HD liquid_2.0gcc_6000,5576,3149,0.56474,85,83
global,0,0.2,HD liquid_2.0gcc_7000,1600,1031,0.64438,25,24
global,0,0.2,HD liquid_2.5gcc_6000,5000,2442,0.4884,25,25
global,0,0.2,HD liquid_3.0gcc_8000,29664,11957,0.40308,92,92
global,0,0.2,HD liquid_3.6gcc_6000,14312,5168,0.3611,70,69
global,0,0.2,LD liquid_0.5gcc_1000,5376,589,0.10956,84,81
global,0,0.2,LD liquid_1.0gcc_2000,5440,1393,0.25607,85,84
global,0,0.2,diamond_0.0gcc_CC,1080,2,0.00185,5,2
global,0,0.2,diamond_3.67gcc_3000,14040,185,0.01318,65,40
global,0,0.2,diamond_3.68gcc_300,5400,7,0.0013,25,4
global,0,0.2,graphite_0.0gcc_CC,3072,4,0.0013,8,3
global,0,0.2,graphite_2.39gcc_300,9600,4,0.00042,25,4
global,0,0.2,graphite_2.56gcc_1500,9600,63,0.00656,25,21
global,0,0.2,graphite_2.67gcc_3000,24960,950,0.03806,65,63
global,0,0.3,HD liquid_2.0gcc_6000,5576,4191,0.75161,85,83
global,0,0.3,HD liquid_2.0gcc_7000,1600,1292,0.8075,25,24
global,0,0.3,HD liquid_2.5gcc_6000,5000,3633,0.7266,25,25
global,0,0.3,HD liquid_3.0gcc_8000,29664,17828,0.601,92,92
global,0,0.3,HD liquid_3.6gcc_6000,14312,7796,0.54472,70,69
global,0,0.3,LD liquid_0.5gcc_1000,5376,918,0.17076,84,83
global,0,0.3,LD liquid_1.0gcc_2000,5440,2144,0.39412,85,84
global,0,0.3,diamond_0.0gcc_CC,1080,2,0.00185,5,2
global,0,0.3,diamond_3.67gcc_3000,14040,431,0.0307,65,41
global,0,0.3,diamond_3.68gcc_300,5400,13,0.00241,25,8
global,0,0.3,graphite_0.0gcc_CC,3072,6,0.00195,8,4
global,0,0.3,graphite_2.39gcc_300,9600,10,0.00104,25,9
global,0,0.3,graphite_2.56gcc_1500,9600,158,0.01646,25,24
global,0,0.3,graphite_2.67gcc_3000,24960,1994,0.07989,65,63
global,0,0.4,HD liquid_2.0gcc_6000,5576,4903,0.8793,85,83
global,0,0.4,HD liquid_2.0gcc_7000,1600,1465,0.91562,25,24
global,0,0.4,HD liquid_2.5gcc_6000,5000,4517,0.9034,25,25
global,0,0.4,HD liquid_3.0gcc_8000,29664,23024,0.77616,92,92
global,0,0.4,HD liquid_3.6gcc_6000,14312,10267,0.71737,70,69
global,0,0.4,LD liquid_0.5gcc_1000,5376,1327,0.24684,84,83
global,0,0.4,LD liquid_1.0gcc_2000,5440,3009,0.55312,85,84
global,0,0.4,diamond_0.0gcc_CC,1080,5,0.00463,5,2
global,0,0.4,diamond_3.67gcc_3000,14040,988,0.07037,65,42
global,0,0.4,diamond_3.68gcc_300,5400,22,0.00407,25,9
global,0,0.4,graphite_0.0gcc_CC,3072,6,0.00195,8,4
global,0,0.4,graphite_2.39gcc_300,9600,19,0.00198,25,14
global,0,0.4,graphite_2.56gcc_1500,9600,360,0.0375,25,24
global,0,0.4,graphite_2.67gcc_3000,24960,3976,0.15929,65,63
global,0,0.5,HD liquid_2.0gcc_6000,5576,5209,0.93418,85,83
global,0,0.5,HD liquid_2.0gcc_7000,1600,1527,0.95438,25,24
global,0,0.5,HD liquid_2.5gcc_6000,5000,4920,0.984,25,25
global,0,0.5,HD liquid_3.0gcc_8000,29664,25866,0.87197,92,92
global,0,0.5,HD liquid_3.6gcc_6000,14312,11928,0.83343,70,69
global,0,0.5,LD liquid_0.5gcc_1000,5376,1887,0.351,84,83
global,0,0.5,LD liquid_1.0gcc_2000,5440,4036,0.74191,85,84
global,0,0.5,diamond_0.0gcc_CC,1080,6,0.00556,5,2
global,0,0.5,diamond_3.67gcc_3000,14040,2387,0.17001,65,43
global,0,0.5,diamond_3.68gcc_300,5400,45,0.00833,25,11
global,0,0.5,graphite_0.0gcc_CC,3072,7,0.00228,8,4
global,0,0.5,graphite_2.39gcc_300,9600,37,0.00385,25,19
global,0,0.5,graphite_2.56gcc_1500,9600,982,0.10229,25,24
global,0,0.5,graphite_2.67gcc_3000,24960,8523,0.34147,65,63
global,0,0.6,HD liquid_2.0gcc_6000,5576,5274,0.94584,85,83
global,0,0.6,HD liquid_2.0gcc_7000,1600,1536,0.96,25,24
global,0,0.6,HD liquid_2.5gcc_6000,5000,4995,0.999,25,25
global,0,0.6,HD liquid_3.0gcc_8000,29664,26662,0.8988,92,92
global,0,0.6,HD liquid_3.6gcc_6000,14312,12665,0.88492,70,69
global,0,0.6,LD liquid_0.5gcc_1000,5376,2392,0.44494,84,83
global,0,0.6,LD liquid_1.0gcc_2000,5440,4712,0.86618,85,84
global,0,0.6,diamond_0.0gcc_CC,1080,9,0.00833,5,2
global,0,0.6,diamond_3.67gcc_3000,14040,4707,0.33526,65,49
global,0,0.6,diamond_3.68gcc_300,5400,105,0.01944,25,13
global,0,0.6,graphite_0.0gcc_CC,3072,10,0.00326,8,6
global,0,0.6,graphite_2.39gcc_300,9600,96,0.01,25,24
global,0,0.6,graphite_2.56gcc_1500,9600,2409,0.25094,25,24
global,0,0.6,graphite_2.67gcc_3000,24960,15260,0.61138,65,63
global,0,0.7,HD liquid_2.0gcc_6000,5576,5296,0.94978,85,83
global,0,0.7,HD liquid_2.0gcc_7000,1600,1536,0.96,25,24
global,0,0.7,HD liquid_2.5gcc_6000,5000,5000,1.0,25,25
global,0,0.7,HD liquid_3.0gcc_8000,29664,27054,0.91201,92,92
global,0,0.7,HD liquid_3.6gcc_6000,14312,13030,0.91042,70,69
global,0,0.7,LD liquid_0.5gcc_1000,5376,2927,0.54446,84,83
global,0,0.7,LD liquid_1.0gcc_2000,5440,5079,0.93364,85,84
global,0,0.7,diamond_0.0gcc_CC,1080,10,0.00926,5,2
global,0,0.7,diamond_3.67gcc_3000,14040,7344,0.52308,65,51
global,0,0.7,diamond_3.68gcc_300,5400,217,0.04019,25,18
global,0,0.7,graphite_0.0gcc_CC,3072,10,0.00326,8,6
global,0,0.7,graphite_2.39gcc_300,9600,286,0.02979,25,25
global,0,0.7,graphite_2.56gcc_1500,9600,5015,0.5224,25,24
global,0,0.7,graphite_2.67gcc_3000,24960,21500,0.86138,65,63
global,0,0.8,HD liquid_2.0gcc_6000,5576,5312,0.95265,85,83
global,0,0.8,HD liquid_2.0gcc_7000,1600,1536,0.96,25,24
global,0,0.8,HD liquid_2.5gcc_6000,5000,5000,1.0,25,25
global,0,0.8,HD liquid_3.0gcc_8000,29664,27419,0.92432,92,92
global,0,0.8,HD liquid_3.6gcc_6000,14312,13263,0.9267,70,69
global,0,0.8,LD liquid_0.5gcc_1000,5376,4245,0.78962,84,83
global,0,0.8,LD liquid_1.0gcc_2000,5440,5298,0.9739,85,84
global,0,0.8,diamond_0.0gcc_CC,1080,16,0.01481,5,3
global,0,0.8,diamond_3.67gcc_3000,14040,9588,0.68291,65,59
global,0,0.8,diamond_3.68gcc_300,5400,969,0.17944,25,21
global,0,0.8,graphite_0.0gcc_CC,3072,12,0.00391,8,7
global,0,0.8,graphite_2.39gcc_300,9600,2444,0.25458,25,25
global,0,0.8,graphite_2.56gcc_1500,9600,8877,0.92469,25,24
global,0,0.8,graphite_2.67gcc_3000,24960,23797,0.95341,65,63
global,0,0.9,HD liquid_2.0gcc_6000,5576,5312,0.95265,85,83
global,0,0.9,HD liquid_2.0gcc_7000,1600,1536,0.96,25,24
global,0,0.9,HD liquid_2.5gcc_6000,5000,5000,1.0,25,25
global,0,0.9,HD liquid_3.0gcc_8000,29664,28439,0.9587,92,92
global,0,0.9,HD liquid_3.6gcc_6000,14312,13546,0.94648,70,69
global,0,0.9,LD liquid_0.5gcc_1000,5376,5234,0.97359,84,83
global,0,0.9,LD liquid_1.0gcc_2000,5440,5312,0.97647,85,84
global,0,0.9,diamond_0.0gcc_CC,1080,49,0.04537,5,5
global,0,0.9,diamond_3.67gcc_3000,14040,12691,0.90392,65,62
global,0,0.9,diamond_3.68gcc_300,5400,3911,0.72426,25,25
global,0,0.9,graphite_0.0gcc_CC,3072,13,0.00423,8,7
global,0,0.9,graphite_2.39gcc_300,9600,7179,0.74781,25,25
global,0,0.9,graphite_2.56gcc_1500,9600,9216,0.96,25,24
global,0,0.9,graphite_2.67gcc_3000,24960,23810,0.95393,65,63
global,0,1.0,HD liquid_2.0gcc_6000,5576,5576,1.0,85,85
global,0,1.0,HD liquid_2.0gcc_7000,1600,1600,1.0,25,25
global,0,1.0,HD liquid_2.5gcc_6000,5000,5000,1.0,25,25
global,0,1.0,HD liquid_3.0gcc_8000,29664,29664,1.0,92,92
global,0,1.0,HD liquid_3.6gcc_6000,14312,14312,1.0,70,70
global,0,1.0,LD liquid_0.5gcc_1000,5376,5376,1.0,84,84
global,0,1.0,LD liquid_1.0gcc_2000,5440,5440,1.0,85,85
global,0,1.0,diamond_0.0gcc_CC,1080,1080,1.0,5,5
global,0,1.0,diamond_3.67gcc_3000,14040,14040,1.0,65,65
global,0,1.0,diamond_3.68gcc_300,5400,5400,1.0,25,25
global,0,1.0,graphite_0.0gcc_CC,3072,3072,1.0,8,8
global,0,1.0,graphite_2.39gcc_300,9600,9600,1.0,25,25
global,0,1.0,graphite_2.56gcc_1500,9600,9600,1.0,25,25
global,0,1.0,graphite_2.67gcc_3000,24960,24960,1.0,65,65
