scope,subsample,rep,n,h_lin_knee,f_lin_knee,h_log_knee,f_log_knee,h_lin_curv,f_lin_curv,h_ftarget,f_at_0.015,f_at_hmax
HD liquid_2.0gcc_6000,0.25,0,1394,0.1535145314878924,0.2066113632039378,0.0330737032061507,0.9609029408711752,0.007475618904726083,0.9990384672236868,0.1212231008541164,0.9989763521695266,0.0267832676797385
HD liquid_2.0gcc_6000,0.25,1,1394,0.1535145314878924,0.2128056740495248,0.0330737032061507,0.9648211558210656,0.008465866466616555,0.9994505381430119,0.1212231008541164,0.999409092790228,0.0286549719796074
HD liquid_2.0gcc_6000,0.25,2,1394,0.1535145314878924,0.2129150177054754,0.0330737032061507,0.9657635601432212,0.008589647411852865,0.9998625555286056,0.1212231008541164,0.9998208949472419,0.0282642308566712
HD liquid_2.0gcc_6000,0.5,0,2788,0.1535145314878924,0.1979857105551077,0.0293900803613745,0.973213310224644,0.0049999999999999,0.9987464201429156,0.1212231008541164,0.9986074738622467,0.0264034061136056
HD liquid_2.0gcc_6000,0.5,1,2788,0.1535145314878924,0.1948676179313857,0.0293900803613745,0.9733275893979372,0.0049999999999999,0.9989344599281008,0.1212231008541164,0.998849768786629,0.0257536666655985
HD liquid_2.0gcc_6000,0.5,2,2788,0.1535145314878924,0.1949110954391077,0.0293900803613745,0.9733714174874868,0.0049999999999999,0.9993105185877847,0.1212231008541164,0.9991262765214558,0.0262559067531489
HD liquid_2.0gcc_6000,0.75,0,4182,0.1535145314878924,0.1863493842175287,0.0293900803613745,0.9649722037873968,0.005618904726181446,0.9986482910783268,0.1212231008541164,0.9984456687267567,0.0248680715403728
HD liquid_2.0gcc_6000,0.75,1,4182,0.1535145314878924,0.1869404620651727,0.0293900803613745,0.96483085238678,0.005618904726181446,0.9987278157522834,0.1212231008541164,0.998537401412091,0.0251371716724648
HD liquid_2.0gcc_6000,0.75,2,4182,0.1535145314878924,0.1855067566590454,0.0293900803613745,0.964074125147636,0.005618904726181446,0.9985290630898992,0.1212231008541164,0.9983483076961056,0.0247644930301054
HD liquid_2.0gcc_6000,1.0,0,5576,0.1364166688243384,0.2123838024115524,0.0293900803613745,0.957353989609162,0.007351837959489774,0.9981538152267251,0.1077217345015941,0.9979302312374891,0.0238460336498086
HD liquid_2.0gcc_7000,0.25,0,400,0.1727553647296109,0.1905363448219158,0.0372190150662584,0.974050850812404,0.5,0.026810107683624,0.1364166688243384,0.9999939963961098,0.026810107683624
HD liquid_2.0gcc_7000,0.25,1,400,0.1727553647296109,0.1933165677152235,0.0372190150662584,0.9740611108485931,0.5,0.0273134240417024,0.1364166688243384,0.9999922990261599,0.0273134240417024
HD liquid_2.0gcc_7000,0.25,2,400,0.1727553647296109,0.1898537108682983,0.0372190150662584,0.9746704970130206,0.5,0.0266958635734608,0.1364166688243384,0.9999932337292334,0.0266958635734608
HD liquid_2.0gcc_7000,0.5,0,800,0.1535145314878924,0.2115915421612227,0.0372190150662584,0.9580587106624284,0.0090847711927981,0.9999999980484444,0.1364166688243384,0.999982641509768,0.0247200133287519
HD liquid_2.0gcc_7000,0.5,1,800,0.1535145314878924,0.2109931368491721,0.0372190150662584,0.9589986600365268,0.1436346586646661,0.23589899022065836,0.1364166688243384,0.9999453549825812,0.0246153208012505
HD liquid_2.0gcc_7000,0.5,2,800,0.1535145314878924,0.2112791540859805,0.0372190150662584,0.9576123374047668,0.00920855213803441,0.9999999403441963,0.1364166688243384,0.9999479260696688,0.0246115110300317
HD liquid_2.0gcc_7000,0.75,0,1200,0.1535145314878924,0.1979253367404916,0.0330737032061507,0.972607128754016,0.01217929482370583,0.9999915671559577,0.1212231008541164,0.9999311166796739,0.0229394523933482
HD liquid_2.0gcc_7000,0.75,1,1200,0.1535145314878924,0.198183735789258,0.0330737032061507,0.974511983922867,0.012550637659414757,0.9999958639639067,0.1212231008541164,0.9999651486054503,0.0230452392857002
HD liquid_2.0gcc_7000,0.75,2,1200,0.1535145314878924,0.2001783082136549,0.0330737032061507,0.9738766863951674,0.01230307576894214,0.9999977324038954,0.1212231008541164,0.9999705028402298,0.0233555814426646
HD liquid_2.0gcc_7000,1.0,0,1600,0.1535145314878924,0.1908850589139093,0.0330737032061507,0.9666729634293566,0.009951237809452266,0.9999994816377753,0.1212231008541164,0.9999224605621999,0.02217724009252
HD liquid_2.5gcc_6000,0.25,0,1250,0.1364166688243384,0.1779661614189723,0.0293900803613745,0.9761809299782194,0.00648537134283561,1.0000000000003313,0.1077217345015941,0.9999794155423712,0.0156754527935274
HD liquid_2.5gcc_6000,0.25,1,1250,0.1364166688243384,0.1812577314907851,0.0293900803613745,0.976644870063786,0.006609152288071919,1.0000000000005753,0.1077217345015941,0.9999818172735756,0.0160748091390208
HD liquid_2.5gcc_6000,0.25,2,1250,0.1364166688243384,0.1844902299059596,0.0293900803613745,0.9777777277815146,0.0069804951237808464,1.0000000000004747,0.1077217345015941,0.9999797497326408,0.0164261819212471
HD liquid_2.5gcc_6000,0.5,0,2500,0.1364166688243384,0.1654547241399689,0.0293900803613745,0.962956298725853,0.0049999999999999,1.0000000000009182,0.0957240988084978,0.999951799249203,0.0146358925083948
HD liquid_2.5gcc_6000,0.5,1,2500,0.1364166688243384,0.1656701980375478,0.0293900803613745,0.9627448243433424,0.0049999999999999,1.0000000000009286,0.0957240988084978,0.9999530074621757,0.0146674191759714
HD liquid_2.5gcc_6000,0.5,2,2500,0.1364166688243384,0.1651740259079031,0.0293900803613745,0.9619278120773772,0.0049999999999999,1.0000000000009257,0.0957240988084978,0.9999583582606184,0.0146290242531213
HD liquid_2.5gcc_6000,0.75,0,3750,0.1364166688243384,0.1571585417436045,0.0261167253713342,0.9784205513085572,0.00784696174043501,0.9999999997061965,0.0957240988084978,0.9999301502070421,0.013920980695528
HD liquid_2.5gcc_6000,0.75,1,3750,0.1364166688243384,0.1578109963782665,0.0261167253713342,0.978815196369354,0.008094523630907628,0.99999999891674,0.0957240988084978,0.9999336943558998,0.0139827184348298
HD liquid_2.5gcc_6000,0.75,2,3750,0.1364166688243384,0.1580949397826071,0.0261167253713342,0.9792603079868962,0.13125656414103518,0.16959320862011745,0.0957240988084978,0.9999341863464198,0.0140160773778239
HD liquid_2.5gcc_6000,1.0,0,5000,0.1364166688243384,0.1523730985800116,0.0261167253713342,0.9742613690794688,0.007104276069017155,0.9999999999843447,0.0957240988084978,0.9999126075127878,0.0135031275858198
HD liquid_3.0gcc_8000,0.25,0,7416,0.1364166688243384,0.1697732291952328,0.0261167253713342,0.9770226430241512,0.13348462115528875,0.17643348788777913,0.0957240988084978,0.9959948740332386,0.0179095423282244
HD liquid_3.0gcc_8000,0.25,1,7416,0.1364166688243384,0.1691754419915314,0.0261167253713342,0.9757435923928324,0.13336084021005246,0.1760962027276844,0.0957240988084978,0.9953149446558108,0.0175499426407327
HD liquid_3.0gcc_8000,0.25,2,7416,0.1364166688243384,0.1714025223897701,0.0261167253713342,0.9765849036810936,0.1341035258814703,0.17667268212767467,0.0957240988084978,0.9954878321911942,0.0185331669286942
HD liquid_3.0gcc_8000,0.5,0,14832,0.1364166688243384,0.157682748232974,0.0261167253713342,0.9617499093117412,0.006237809452362991,0.9944948986928576,0.0957240988084978,0.9921815327170006,0.0165068997378555
HD liquid_3.0gcc_8000,0.5,1,14832,0.1364166688243384,0.1567820999500208,0.0261167253713342,0.9614757235874138,0.006114028507126682,0.9947610454743895,0.0957240988084978,0.9925137638173867,0.0165001010969431
HD liquid_3.0gcc_8000,0.5,2,14832,0.1364166688243384,0.1580750690576931,0.0261167253713342,0.9620506004130754,0.006114028507126682,0.9950117104939598,0.0957240988084978,0.992701154295482,0.0169509737070897
HD liquid_3.0gcc_8000,0.75,0,22248,0.1364166688243384,0.1513598567136759,0.0261167253713342,0.9513679339464948,0.005495123780945137,0.994023576492697,0.0957240988084978,0.9904510971503455,0.0158817604014159
HD liquid_3.0gcc_8000,0.75,1,22248,0.1364166688243384,0.1510315124388721,0.0261167253713342,0.9503649871817856,0.005371342835708828,0.9939857550954702,0.0957240988084978,0.9902665851757785,0.0160862800578866
HD liquid_3.0gcc_8000,0.75,2,22248,0.1364166688243384,0.1511765467950792,0.0261167253713342,0.9511114322485952,0.005371342835708828,0.9942356189483376,0.0957240988084978,0.9905474796731558,0.0160515728943652
HD liquid_3.0gcc_8000,1.0,0,29664,0.1212231008541164,0.177037960796793,0.0232079441680638,0.9684770720558512,0.005495123780945137,0.9928142472096935,0.0850627139926294,0.9881439537886517,0.0156255471185309
HD liquid_3.6gcc_6000,0.25,0,3578,0.1364166688243384,0.1521758022145167,0.0261167253713342,0.9723070696154626,0.1326181545386346,0.16048203253419777,0.0957240988084978,0.9944320899523683,0.0135684111507671
HD liquid_3.6gcc_6000,0.25,1,3578,0.1364166688243384,0.1528849752708581,0.0261167253713342,0.972234305945082,0.1328657164291072,0.16065375030787205,0.0957240988084978,0.9941688670031918,0.0139767222630011
HD liquid_3.6gcc_6000,0.25,2,3578,0.1364166688243384,0.1521823645751727,0.0261167253713342,0.9735764373475032,0.1328657164291072,0.1599630198952676,0.0957240988084978,0.9949089278865276,0.0136103814965207
HD liquid_3.6gcc_6000,0.5,0,7156,0.1364166688243384,0.1408249606778315,0.0261167253713342,0.955955424938139,0.006114028507126682,0.9919348711632987,0.0850627139926294,0.9901389702062042,0.0127080858703386
HD liquid_3.6gcc_6000,0.5,1,7156,0.1364166688243384,0.1395350181856908,0.0261167253713342,0.9560728916140248,0.0058664666166540645,0.9930646416321973,0.0850627139926294,0.991388588919262,0.0125893149414765
HD liquid_3.6gcc_6000,0.5,2,7156,0.1364166688243384,0.1403732201774009,0.0261167253713342,0.955497112095948,0.0058664666166540645,0.9924293421533915,0.0850627139926294,0.9904857866491464,0.0125509252236361
HD liquid_3.6gcc_6000,0.75,0,10734,0.1212231008541164,0.1643206366527428,0.0261167253713342,0.9440135219315948,0.0049999999999999,0.9910443210394608,0.0850627139926294,0.9882158057322792,0.0121538422634965
HD liquid_3.6gcc_6000,0.75,1,10734,0.1212231008541164,0.1632533154908592,0.0261167253713342,0.9430907941451442,0.005123780945236209,0.9903078502731213,0.0850627139926294,0.9874130326482018,0.0120129969223519
HD liquid_3.6gcc_6000,0.75,2,10734,0.1212231008541164,0.1639674516910625,0.0261167253713342,0.9439093775362506,0.0049999999999999,0.9908819157732918,0.0850627139926294,0.988119325179867,0.0121248814200743
HD liquid_3.6gcc_6000,1.0,0,14312,0.1212231008541164,0.1583653231663386,0.0232079441680638,0.9623415215165066,0.0049999999999999,0.9896178341911492,0.0850627139926294,0.9860562272458704,0.011678835952777
LD liquid_0.5gcc_1000,0.25,0,1344,0.1212231008541164,0.3239949928257817,0.0162851032782989,0.9169816935330264,0.11083270817704419,0.3447592633061339,0.1364166688243384,0.9328148309407782,0.0761482521763171
LD liquid_0.5gcc_1000,0.25,1,1344,0.1212231008541164,0.3255787935699911,0.0162851032782989,0.9188359360510844,0.11256564141035252,0.34298842834999127,0.1535145314878924,0.9340456699112205,0.0768165069993246
LD liquid_0.5gcc_1000,0.25,2,1344,0.1212231008541164,0.3282087254968334,0.0162851032782989,0.919725141458062,0.11182295573893467,0.3476858645236206,0.1535145314878924,0.9347874301001439,0.0749094830370644
LD liquid_0.5gcc_1000,0.5,0,2688,0.1077217345015941,0.3259207080763694,0.0144713306235837,0.9177882623901856,0.10761440360090016,0.32616246385856773,0.1364166688243384,0.9103259726398274,0.0700607658095508
LD liquid_0.5gcc_1000,0.5,1,2688,0.1077217345015941,0.3258281995082172,0.0144713306235837,0.9193341017106326,0.10749062265566386,0.3263449347868798,0.1364166688243384,0.9121713496790691,0.0704321648817924
LD liquid_0.5gcc_1000,0.5,2,2688,0.1077217345015941,0.3248739995936037,0.0144713306235837,0.9224152575875676,0.10773818454613648,0.3248432476916088,0.1212231008541164,0.9152597108182543,0.0696742431627742
LD liquid_0.5gcc_1000,0.75,0,4032,0.1077217345015941,0.31035455661627,0.0144713306235837,0.9046777314349714,0.10650037509377339,0.3129735586769203,0.1212231008541164,0.8967287724265897,0.0662385054882191
LD liquid_0.5gcc_1000,0.75,1,4032,0.1077217345015941,0.3099683364412136,0.0144713306235837,0.9044807472029186,0.10674793698424598,0.31207192655201726,0.1212231008541164,0.8965953551541951,0.0661362919303184
LD liquid_0.5gcc_1000,0.75,2,4032,0.1077217345015941,0.3092180346333674,0.0144713306235837,0.9058270229168832,0.10662415603900968,0.31157673139611497,0.1212231008541164,0.8978899924258479,0.0659722849102363
LD liquid_0.5gcc_1000,1.0,0,5376,0.1077217345015941,0.2996235419707629,0.0128595690452967,0.920330601254598,0.10612903225806444,0.30294378626588553,0.1077217345015941,0.887236285271321,0.0640784534053901
LD liquid_1.0gcc_2000,0.25,0,1360,0.1364166688243384,0.2607518357634573,0.0261167253713342,0.9447059467309102,0.12420105026256559,0.2864606205529611,0.1212231008541164,0.9974097674657628,0.041105553539391
LD liquid_1.0gcc_2000,0.25,1,1360,0.1364166688243384,0.2580994006460964,0.0232079441680638,0.9654676754250614,0.12506751687921974,0.2817639388777119,0.1212231008541164,0.9965645002579129,0.0413739335386709
LD liquid_1.0gcc_2000,0.25,2,1360,0.1364166688243384,0.2638827985912523,0.0261167253713342,0.9428362635816678,0.12358214553638402,0.2904431630418522,0.1212231008541164,0.9973214432348614,0.0425615068288395
LD liquid_1.0gcc_2000,0.5,0,2720,0.1364166688243384,0.2426475809015314,0.0232079441680638,0.952261124256252,0.11875468867216799,0.2779896300391406,0.1212231008541164,0.9950609950549846,0.0383489219343462
LD liquid_1.0gcc_2000,0.5,1,2720,0.1212231008541164,0.2679810811594785,0.0232079441680638,0.9515623447829532,0.11825956489122275,0.2748920615658782,0.1077217345015941,0.9949890792698185,0.0383458080959108
LD liquid_1.0gcc_2000,0.5,2,2720,0.1212231008541164,0.2704276516890413,0.0232079441680638,0.951140988449227,0.11825956489122275,0.2774021552203018,0.1212231008541164,0.9947138596210464,0.0381301575701196
LD liquid_1.0gcc_2000,0.75,0,4080,0.1212231008541164,0.2563551368463206,0.0206231319145067,0.9652352249600724,0.11566016504126025,0.268782911347272,0.1077217345015941,0.9932766089132006,0.0361981026256049
LD liquid_1.0gcc_2000,0.75,1,4080,0.1212231008541164,0.2562409600965804,0.0206231319145067,0.9659665447796464,0.11566016504126025,0.26869401005734983,0.1077217345015941,0.9934338949259228,0.0360540480123854
LD liquid_1.0gcc_2000,0.75,2,4080,0.1212231008541164,0.2553534357947034,0.0206231319145067,0.9647335857745704,0.11566016504126025,0.2677841997053302,0.1077217345015941,0.9933023844358813,0.0362199636530149
LD liquid_1.0gcc_2000,1.0,0,5440,0.1212231008541164,0.2476480842242084,0.0206231319145067,0.9589149486627124,0.11466991747936978,0.261811349621136,0.1077217345015941,0.9916181119101204,0.0350713601550823
diamond_0.0gcc_CC,0.25,0,270,0.067169966629945,0.0362563101016201,0.0471334227558942,0.0682474121297343,0.08731432858214547,0.022331860378734476,0.0162851032782989,0.30285262608285984,0.0007139547521772
diamond_0.0gcc_CC,0.25,1,270,0.067169966629945,0.0384531787213501,0.0471334227558942,0.0722018540390899,0.0891710427606901,0.022842393372242826,0.0162851032782989,0.31263051782369305,0.0007591560461543
diamond_0.0gcc_CC,0.25,2,270,0.067169966629945,0.0354802500651727,0.0471334227558942,0.0671069371157156,0.08743810952738176,0.021729033953798178,0.0162851032782989,0.3071693658543884,0.0006909375848908
diamond_0.0gcc_CC,0.5,0,540,0.067169966629945,0.0332192336039885,0.0471334227558942,0.0622696765800683,0.08867591897974486,0.019953702716385448,0.0144713306235837,0.2702364686522883,0.0006577247186732
diamond_0.0gcc_CC,0.5,1,540,0.067169966629945,0.0333666227536406,0.0471334227558942,0.0627472482491495,0.08867591897974486,0.01999906976428,0.0144713306235837,0.274833548862812,0.0006562057079931
diamond_0.0gcc_CC,0.5,2,540,0.067169966629945,0.0337350444423413,0.0471334227558942,0.0632678990508707,0.08855213803450857,0.0203039213041735,0.0144713306235837,0.2736353992350523,0.0006668388993104
diamond_0.0gcc_CC,0.75,0,810,0.067169966629945,0.0310629990741288,0.0471334227558942,0.0584252336607799,0.08830457614403595,0.018752378485792365,0.0128595690452967,0.25782976522840945,0.0006100980442737
diamond_0.0gcc_CC,0.75,1,810,0.067169966629945,0.0298487054453646,0.0471334227558942,0.0563116162464838,0.08805701425356333,0.01807792122792016,0.0128595690452967,0.2535333341510953,0.0005832033611076
diamond_0.0gcc_CC,0.75,2,810,0.067169966629945,0.0314847001577259,0.0471334227558942,0.0590855960561473,0.08855213803450857,0.018940219445766474,0.0128595690452967,0.25774172573169,0.0006212387236413
diamond_0.0gcc_CC,1.0,0,1080,0.067169966629945,0.0297051647643788,0.0471334227558942,0.0558702164153173,0.08842835708927224,0.01789297355213512,0.0114273193206749,0.24638723503214108,0.0005841451642609
diamond_3.67gcc_3000,0.25,0,3510,0.0850627139926294,0.0860157326838507,0.067169966629945,0.127833748047829,0.10105401350337578,0.06397655241633397,0.0418838820034145,0.7442399541947717,0.0028808379613048
diamond_3.67gcc_3000,0.25,1,3510,0.0850627139926294,0.0871874703935353,0.067169966629945,0.1295073730432023,0.1013015753938484,0.06458978896198574,0.0418838820034145,0.7486133886066764,0.0029230476699923
diamond_3.67gcc_3000,0.25,2,3510,0.0850627139926294,0.087870368413108,0.067169966629945,0.1303879524753284,0.1014253563390847,0.06499023182994676,0.0418838820034145,0.7518868086106056,0.0029534156416367
diamond_3.67gcc_3000,0.5,0,7020,0.0850627139926294,0.0797274800992845,0.067169966629945,0.1184717720944137,0.09944486121530374,0.06097130649231289,0.0372190150662584,0.7236632507906737,0.0026727819991329
diamond_3.67gcc_3000,0.5,1,7020,0.0850627139926294,0.0800004320692533,0.067169966629945,0.1188335661197095,0.09944486121530374,0.06118829844337917,0.0372190150662584,0.7243833306997945,0.0026824250445484
diamond_3.67gcc_3000,0.5,2,7020,0.0850627139926294,0.0798286344526398,0.067169966629945,0.1186070513098061,0.09944486121530374,0.06105182515903822,0.0372190150662584,0.7243235695816609,0.0026765667672075
diamond_3.67gcc_3000,0.75,0,10530,0.0755887535307831,0.0935521117778733,0.0596888320857218,0.1370950373122055,0.09870217554388591,0.05926593747908159,0.0372190150662584,0.7092106517719724,0.0025673305334821
diamond_3.67gcc_3000,0.75,1,10530,0.0755887535307831,0.0933518299617274,0.0596888320857218,0.1367990848799109,0.09857839459864959,0.059262417322835485,0.0372190150662584,0.7078668072588065,0.0025621608002192
diamond_3.67gcc_3000,0.75,2,10530,0.0755887535307831,0.0934794655510342,0.0596888320857218,0.1368285439586461,0.09870217554388591,0.05927586817733053,0.0372190150662584,0.7042413681325721,0.002571609085992
diamond_3.67gcc_3000,1.0,0,14040,0.0755887535307831,0.0905995562433809,0.0596888320857218,0.1327750923471869,0.09808327081770435,0.057986791435402654,0.0372190150662584,0.6980818290382655,0.0024862187383036
diamond_3.68gcc_300,0.25,0,1350,0.0530409177569724,0.05401632179717,0.0330737032061507,0.1218605372275081,0.04238184546136525,0.08049975762748783,0.0183262061853981,0.37903491844932585,0.0006862709348366
diamond_3.68gcc_300,0.25,1,1350,0.0530409177569724,0.057397287218502,0.0372190150662584,0.10538951503107,0.04238184546136525,0.085015986450416,0.0206231319145067,0.3851550399143196,0.0007460947404161
diamond_3.68gcc_300,0.25,2,1350,0.0530409177569724,0.0562935685390971,0.0372190150662584,0.1040538802139589,0.04238184546136525,0.0837101506881151,0.0206231319145067,0.3880475439151649,0.0007234748937165
diamond_3.68gcc_300,0.5,0,2700,0.0530409177569724,0.0524699473504396,0.0330737032061507,0.1174474095106369,0.04225806451612894,0.07828760426098597,0.0183262061853981,0.3612401347794329,0.0006755473424436
diamond_3.68gcc_300,0.5,1,2700,0.0530409177569724,0.0523829022352202,0.0330737032061507,0.1165974314248346,0.04225806451612894,0.07795994206710172,0.0183262061853981,0.35468685093413077,0.0006804520676827
diamond_3.68gcc_300,0.5,2,2700,0.0530409177569724,0.051094190607157,0.0330737032061507,0.1146274736243733,0.04225806451612894,0.07629750001996187,0.0183262061853981,0.3540881189646126,0.0006550171832936
diamond_3.68gcc_300,0.75,0,4050,0.0530409177569724,0.0490388281202756,0.0330737032061507,0.110041609705565,0.04225806451612894,0.07323297130411993,0.0183262061853981,0.34202688937017695,0.0006289897173618
diamond_3.68gcc_300,0.75,1,4050,0.0530409177569724,0.048313335741733,0.0330737032061507,0.108728177647454,0.04213428357089264,0.07255905025077823,0.0183262061853981,0.33969375283761466,0.0006174504484269
diamond_3.68gcc_300,0.75,2,4050,0.0530409177569724,0.0491213086027469,0.0330737032061507,0.1102491370998245,0.04213428357089264,0.07369238394537808,0.0183262061853981,0.34224194765687205,0.0006301333968061
diamond_3.68gcc_300,1.0,0,5400,0.0530409177569724,0.0475793457098541,0.0330737032061507,0.1066891451104731,0.04213428357089264,0.0713426166132286,0.0162851032782989,0.3315088285341497,0.0006110514263325
graphite_0.0gcc_CC,0.25,0,768,0.1535145314878924,0.0820558211290395,0.0261167253713342,0.3671338511715289,0.5,0.0100999795297199,0.0471334227558942,0.4006841593138778,0.0100999795297199
graphite_0.0gcc_CC,0.25,1,768,0.1535145314878924,0.0806826603307264,0.0261167253713342,0.3654995012718025,0.5,0.0099272028880901,0.0471334227558942,0.40033078042714043,0.0099272028880901
graphite_0.0gcc_CC,0.25,2,768,0.1535145314878924,0.0833853488279079,0.0261167253713342,0.3654001797175968,0.5,0.0103278801648115,0.0471334227558942,0.3992852652682128,0.0103278801648115
graphite_0.0gcc_CC,0.5,0,1536,0.1535145314878924,0.0738458807178269,0.0261167253713342,0.3307676441377455,0.5,0.0091000798896429,0.0372190150662584,0.36226523773459196,0.0091000798896429
graphite_0.0gcc_CC,0.5,1,1536,0.1535145314878924,0.0731220342243164,0.0261167253713342,0.3295945466560734,0.5,0.009009149934342,0.0372190150662584,0.36161078437098015,0.009009149934342
graphite_0.0gcc_CC,0.5,2,1536,0.1535145314878924,0.0738410326591123,0.0261167253713342,0.331601470513977,0.5,0.0090788480742623,0.0372190150662584,0.36288784925414247,0.0090788480742623
graphite_0.0gcc_CC,0.75,0,2304,0.1535145314878924,0.0701432337713796,0.0261167253713342,0.3146845975361794,0.5,0.0086151783510566,0.0330737032061507,0.3440733805717969,0.0086151783510566
graphite_0.0gcc_CC,0.75,1,2304,0.1535145314878924,0.0706117680993359,0.0261167253713342,0.3149268541158919,0.5,0.0086901210362162,0.0330737032061507,0.3441147855139549,0.0086901210362162
graphite_0.0gcc_CC,0.75,2,2304,0.1535145314878924,0.0711536431775291,0.0261167253713342,0.3148262082643308,0.5,0.0087906057437568,0.0330737032061507,0.3440085082544622,0.0087906057437568
graphite_0.0gcc_CC,1.0,0,3072,0.1535145314878924,0.0678411073664034,0.0261167253713342,0.303459576682881,0.5,0.0083428998021319,0.0293900803613745,0.3317166129474226,0.0083428998021319
graphite_2.39gcc_300,0.25,0,2400,0.0596888320857218,0.0658651082405933,0.0418838820034145,0.1228999853491969,0.042876969242310485,0.11863048112555434,0.0261167253713342,0.5413583385075379,0.0010361394408008
graphite_2.39gcc_300,0.25,1,2400,0.0596888320857218,0.0644973340774576,0.0418838820034145,0.1207913941526711,0.043000750187546795,0.11604330247760498,0.0261167253713342,0.5401363442587089,0.0010091643482775
graphite_2.39gcc_300,0.25,2,2400,0.0596888320857218,0.064981947962811,0.0418838820034145,0.1215482126516218,0.042876969242310485,0.11730935907373942,0.0261167253713342,0.5393971651314358,0.0010179842939238
graphite_2.39gcc_300,0.5,0,4800,0.0596888320857218,0.0597059250081211,0.0372190150662584,0.1361062680235703,0.04275318829707418,0.10824945669471302,0.0232079441680638,0.4981470203053101,0.0009359795146551
graphite_2.39gcc_300,0.5,1,4800,0.0596888320857218,0.059630898777813,0.0372190150662584,0.1360418013970058,0.04275318829707418,0.10817721592218615,0.0232079441680638,0.497443231996968,0.0009334627567795
graphite_2.39gcc_300,0.5,2,4800,0.0596888320857218,0.0601532917354653,0.0372190150662584,0.1371415380439105,0.04275318829707418,0.10907830954057779,0.0232079441680638,0.4992649948339598,0.0009424600730628
graphite_2.39gcc_300,0.75,0,7200,0.0596888320857218,0.0569986628463691,0.0372190150662584,0.1300249076957678,0.04262940735183787,0.1038553974511105,0.0232079441680638,0.4766443949483747,0.000892781391239
graphite_2.39gcc_300,0.75,1,7200,0.0596888320857218,0.0568417446627913,0.0372190150662584,0.1297340984221642,0.04262940735183787,0.10360591520095025,0.0232079441680638,0.47630357593520417,0.0008897821113196
graphite_2.39gcc_300,0.75,2,7200,0.0596888320857218,0.0570038174298178,0.0372190150662584,0.1299994086622816,0.04262940735183787,0.10384603554057606,0.0232079441680638,0.47589226942517165,0.0008929271669956
graphite_2.39gcc_300,1.0,0,9600,0.0596888320857218,0.0551364123483305,0.0372190150662584,0.125779796988195,0.04262940735183787,0.10046474501615318,0.0232079441680638,0.46135307561923,0.0008635288843822
graphite_2.56gcc_1500,0.25,0,2400,0.0755887535307831,0.0943787729696872,0.067169966629945,0.117055424935401,0.10068267066766687,0.05566491749469518,0.0418838820034145,0.8963638607610057,0.0023527262257827
graphite_2.56gcc_1500,0.25,1,2400,0.0755887535307831,0.0921257529691708,0.067169966629945,0.1143128159733502,0.1000637659414853,0.05491634539578347,0.0418838820034145,0.8928826632843593,0.0022937289371451
graphite_2.56gcc_1500,0.25,2,2400,0.0755887535307831,0.0940760723243083,0.067169966629945,0.1166376028458224,0.10043510877719422,0.05578758947324564,0.0418838820034145,0.8974755218483869,0.002352559685133
graphite_2.56gcc_1500,0.5,0,4800,0.0755887535307831,0.0841900462407641,0.0596888320857218,0.1291925401219414,0.007723180795198702,0.9793574215814458,0.0372190150662584,0.8620293691372922,0.0020916963184903
graphite_2.56gcc_1500,0.5,1,4800,0.0755887535307831,0.0852467707925177,0.0596888320857218,0.1306861276346378,0.00784696174043501,0.9785271426742739,0.0372190150662584,0.862869321127368,0.0021214189956126
graphite_2.56gcc_1500,0.5,2,4800,0.0755887535307831,0.0854327839167459,0.067169966629945,0.1060137721349105,0.09833083270817697,0.052515243361341266,0.0372190150662584,0.861676345565185,0.0021254779160669
graphite_2.56gcc_1500,0.75,0,7200,0.0755887535307831,0.0818618763024047,0.0596888320857218,0.1254353898481185,0.006237809452362991,0.9787743385256018,0.0372190150662584,0.842691874704473,0.0020403896526483
graphite_2.56gcc_1500,0.75,1,7200,0.0755887535307831,0.0816047498977399,0.0596888320857218,0.1250482150743594,0.006237809452362991,0.9772904499278897,0.0372190150662584,0.8403771097515448,0.0020342761516486
graphite_2.56gcc_1500,0.75,2,7200,0.0755887535307831,0.0817809153365216,0.0596888320857218,0.1253472445616374,0.006237809452362991,0.977750290735251,0.0372190150662584,0.8422906781084717,0.0020374701916386
graphite_2.56gcc_1500,1.0,0,9600,0.0755887535307831,0.0789956828640925,0.0596888320857218,0.1210815207937991,0.005371342835708828,0.9772214442493166,0.0372190150662584,0.8259438139353645,0.0019679916249845
