scope,subsample,rep,n,h_kneedle,f_kneedle,h_curv,f_curv
HD liquid_2.0gcc_6000,1.0,0,5576,0.029390080361374554,0.9573539896091621,0.004999999999999999,0.9981554375580131
HD liquid_2.0gcc_6000,0.25,0,1394,0.03307370320615074,0.9609029408711753,0.026116725371334214,0.9920002409033875
HD liquid_2.0gcc_6000,0.25,1,1394,0.03307370320615074,0.9648211558210655,0.026116725371334214,0.9931875456276639
HD liquid_2.0gcc_6000,0.25,2,1394,0.03307370320615074,0.9657635601432211,0.026116725371334214,0.993730561201106
HD liquid_2.0gcc_6000,0.5,0,2788,0.029390080361374554,0.9732133102246441,0.004999999999999999,0.9987464201429155
HD liquid_2.0gcc_6000,0.5,1,2788,0.029390080361374554,0.9733275893979372,0.004999999999999999,0.9989344599281009
HD liquid_2.0gcc_6000,0.5,2,2788,0.029390080361374554,0.9733714174874869,0.004999999999999999,0.9993105185877847
HD liquid_2.0gcc_6000,0.75,0,4182,0.029390080361374554,0.9649722037873967,0.004999999999999999,0.9986483538232297
HD liquid_2.0gcc_6000,0.75,1,4182,0.029390080361374554,0.9648308523867799,0.004999999999999999,0.9987278639115026
HD liquid_2.0gcc_6000,0.75,2,4182,0.029390080361374554,0.9640741251476361,0.004999999999999999,0.9985290965153949
HD liquid_2.0gcc_7000,1.0,0,1600,0.03307370320615074,0.9666729634293566,0.026116725371334214,0.9932028550197358
HD liquid_2.0gcc_7000,0.25,0,400,0.03721901506625844,0.974050850812404,0.03307370320615074,0.9883962236129438
HD liquid_2.0gcc_7000,0.25,1,400,0.03721901506625844,0.9740611108485933,0.03307370320615074,0.9880982870291043
HD liquid_2.0gcc_7000,0.25,2,400,0.03721901506625844,0.9746704970130206,0.03307370320615074,0.9886987264849484
HD liquid_2.0gcc_7000,0.5,0,800,0.03721901506625844,0.9580587106624285,0.029390080361374554,0.9914827453169589
HD liquid_2.0gcc_7000,0.5,1,800,0.03721901506625844,0.9589986600365267,0.029390080361374554,0.9915342005299016
HD liquid_2.0gcc_7000,0.5,2,800,0.03721901506625844,0.9576123374047669,0.029390080361374554,0.9905612718041396
HD liquid_2.0gcc_7000,0.75,0,1200,0.03307370320615074,0.9726071287540159,0.029390080361374554,0.987503695079884
HD liquid_2.0gcc_7000,0.75,1,1200,0.03307370320615074,0.974511983922867,0.029390080361374554,0.9889182879426699
HD liquid_2.0gcc_7000,0.75,2,1200,0.03307370320615074,0.9738766863951674,0.029390080361374554,0.9884292868996469
HD liquid_2.5gcc_6000,1.0,0,5000,0.026116725371334214,0.9742613690794689,0.004999999999999999,1.0000000000008584
HD liquid_2.5gcc_6000,0.25,0,1250,0.029390080361374554,0.9761809299782194,0.026116725371334214,0.9909213637283045
HD liquid_2.5gcc_6000,0.25,1,1250,0.029390080361374554,0.976644870063786,0.026116725371334214,0.9910904309360863
HD liquid_2.5gcc_6000,0.25,2,1250,0.029390080361374554,0.9777777277815146,0.026116725371334214,0.9915206266714733
HD liquid_2.5gcc_6000,0.5,0,2500,0.029390080361374554,0.962956298725853,0.023207944168063883,0.9948019252589889
HD liquid_2.5gcc_6000,0.5,1,2500,0.029390080361374554,0.9627448243433423,0.023207944168063883,0.9947758903676505
HD liquid_2.5gcc_6000,0.5,2,2500,0.029390080361374554,0.9619278120773773,0.023207944168063883,0.9946410633301046
HD liquid_2.5gcc_6000,0.75,0,3750,0.026116725371334214,0.9784205513085572,0.004999999999999999,1.0000000000008775
HD liquid_2.5gcc_6000,0.75,1,3750,0.026116725371334214,0.9788151963693541,0.004999999999999999,1.000000000000871
HD liquid_2.5gcc_6000,0.75,2,3750,0.026116725371334214,0.9792603079868962,0.004999999999999999,1.000000000000897
HD liquid_3.0gcc_8000,1.0,0,29664,0.023207944168063883,0.9684770720558512,0.020623131914506758,0.9808254727827607
HD liquid_3.0gcc_8000,0.25,0,7416,0.026116725371334214,0.9770226430241513,0.004999999999999999,0.9974152606601678
HD liquid_3.0gcc_8000,0.25,1,7416,0.026116725371334214,0.9757435923928325,0.004999999999999999,0.996904848200412
HD liquid_3.0gcc_8000,0.25,2,7416,0.026116725371334214,0.9765849036810937,0.004999999999999999,0.9971272025969075
HD liquid_3.0gcc_8000,0.5,0,14832,0.026116725371334214,0.9617499093117411,0.023207944168063883,0.9801622152038231
HD liquid_3.0gcc_8000,0.5,1,14832,0.026116725371334214,0.9614757235874138,0.023207944168063883,0.9802211515887712
HD liquid_3.0gcc_8000,0.5,2,14832,0.026116725371334214,0.9620506004130754,0.023207944168063883,0.9805484947629506
HD liquid_3.0gcc_8000,0.75,0,22248,0.026116725371334214,0.9513679339464949,0.020623131914506758,0.9846262636372191
HD liquid_3.0gcc_8000,0.75,1,22248,0.026116725371334214,0.9503649871817857,0.020623131914506758,0.9842544589401853
HD liquid_3.0gcc_8000,0.75,2,22248,0.026116725371334214,0.9511114322485951,0.020623131914506758,0.984610968823854
HD liquid_3.6gcc_6000,1.0,0,14312,0.023207944168063883,0.9623415215165066,0.020623131914506758,0.9767149387862165
HD liquid_3.6gcc_6000,0.25,0,3578,0.026116725371334214,0.9723070696154626,0.004999999999999999,0.9954367344777545
HD liquid_3.6gcc_6000,0.25,1,3578,0.026116725371334214,0.9722343059450819,0.004999999999999999,0.9951047613288805
HD liquid_3.6gcc_6000,0.25,2,3578,0.026116725371334214,0.9735764373475032,0.004999999999999999,0.9960392656717827
HD liquid_3.6gcc_6000,0.5,0,7156,0.026116725371334214,0.955955424938139,0.023207944168063883,0.9760223404364247
HD liquid_3.6gcc_6000,0.5,1,7156,0.026116725371334214,0.9560728916140249,0.023207944168063883,0.9766714169080067
HD liquid_3.6gcc_6000,0.5,2,7156,0.026116725371334214,0.9554971120959481,0.023207944168063883,0.9757279666260781
HD liquid_3.6gcc_6000,0.75,0,10734,0.026116725371334214,0.9440135219315948,0.020623131914506758,0.9807648654635988
HD liquid_3.6gcc_6000,0.75,1,10734,0.026116725371334214,0.9430907941451442,0.020623131914506758,0.9799771850368179
HD liquid_3.6gcc_6000,0.75,2,10734,0.026116725371334214,0.9439093775362506,0.020623131914506758,0.9806678292612281
LD liquid_0.5gcc_1000,1.0,0,5376,0.01285956904529672,0.9203306012545979,0.008018593718756654,0.9807173501873547
LD liquid_0.5gcc_1000,0.25,0,1344,0.016285103278298914,0.9169816935330264,0.008018593718756654,0.9934794822771544
LD liquid_0.5gcc_1000,0.25,1,1344,0.016285103278298914,0.9188359360510843,0.008018593718756654,0.9921278304692834
LD liquid_0.5gcc_1000,0.25,2,1344,0.016285103278298914,0.919725141458062,0.008018593718756654,0.9925184919846733
LD liquid_0.5gcc_1000,0.5,0,2688,0.01447133062358375,0.9177882623901857,0.00902360883413585,0.9810511282908814
LD liquid_0.5gcc_1000,0.5,1,2688,0.01447133062358375,0.9193341017106326,0.00902360883413585,0.9797845728652026
LD liquid_0.5gcc_1000,0.5,2,2688,0.01447133062358375,0.9224152575875675,0.00902360883413585,0.9814563121712739
LD liquid_0.5gcc_1000,0.75,0,4032,0.01447133062358375,0.9046777314349714,0.008018593718756654,0.9840695291183974
LD liquid_0.5gcc_1000,0.75,1,4032,0.01447133062358375,0.9044807472029186,0.008018593718756654,0.9835670795952791
LD liquid_0.5gcc_1000,0.75,2,4032,0.01447133062358375,0.9058270229168832,0.008018593718756654,0.9841357491929
LD liquid_1.0gcc_2000,1.0,0,5440,0.020623131914506758,0.9589149486627124,0.016285103278298914,0.9876114025727358
LD liquid_1.0gcc_2000,0.25,0,1360,0.026116725371334214,0.9447059467309102,0.004999999999999999,0.9995761739205916
LD liquid_1.0gcc_2000,0.25,1,1360,0.023207944168063883,0.9654676754250614,0.004999999999999999,0.999152175673284
LD liquid_1.0gcc_2000,0.25,2,1360,0.026116725371334214,0.9428362635816678,0.004999999999999999,0.9998587228356071
LD liquid_1.0gcc_2000,0.5,0,2720,0.023207944168063883,0.9522611242562519,0.018326206185398135,0.9855457223859992
LD liquid_1.0gcc_2000,0.5,1,2720,0.023207944168063883,0.9515623447829531,0.018326206185398135,0.9854218935836649
LD liquid_1.0gcc_2000,0.5,2,2720,0.023207944168063883,0.951140988449227,0.018326206185398135,0.984968865004656
LD liquid_1.0gcc_2000,0.75,0,4080,0.020623131914506758,0.9652352249600724,0.016285103278298914,0.9899698927196952
LD liquid_1.0gcc_2000,0.75,1,4080,0.020623131914506758,0.9659665447796464,0.016285103278298914,0.990197469050951
LD liquid_1.0gcc_2000,0.75,2,4080,0.020623131914506758,0.9647335857745705,0.016285103278298914,0.9899097104905208
diamond_0.0gcc_CC,1.0,0,1080,0.047133422755894265,0.055870216415317336,0.0755887535307831,0.023862043994288835
diamond_0.0gcc_CC,0.25,0,270,0.047133422755894265,0.0682474121297343,0.0755887535307831,0.02912437853751625
diamond_0.0gcc_CC,0.25,1,270,0.047133422755894265,0.07220185403908992,0.0755887535307831,0.030905513246012057
diamond_0.0gcc_CC,0.25,2,270,0.047133422755894265,0.06710693711571561,0.067169966629945,0.035480250065172754
diamond_0.0gcc_CC,0.5,0,540,0.047133422755894265,0.062269676580068344,0.0755887535307831,0.02671214263620325
diamond_0.0gcc_CC,0.5,1,540,0.047133422755894265,0.06274724824914958,0.0755887535307831,0.026803963272880264
diamond_0.0gcc_CC,0.5,2,540,0.047133422755894265,0.06326789905087071,0.0755887535307831,0.027120747666055777
diamond_0.0gcc_CC,0.75,0,810,0.047133422755894265,0.058425233660779945,0.0755887535307831,0.024950033473395288
diamond_0.0gcc_CC,0.75,1,810,0.047133422755894265,0.05631161624648381,0.067169966629945,0.029848705445364658
diamond_0.0gcc_CC,0.75,2,810,0.047133422755894265,0.05908559605614739,0.0755887535307831,0.02530614492545944
diamond_3.67gcc_3000,1.0,0,14040,0.05968883208572181,0.1327750923471869,0.010154588104523677,0.806388626604715
diamond_3.67gcc_3000,0.25,0,3510,0.067169966629945,0.127833748047829,0.010154588104523677,0.8332939821509101
diamond_3.67gcc_3000,0.25,1,3510,0.067169966629945,0.12950737304320237,0.004999999999999999,0.9342101872054452
diamond_3.67gcc_3000,0.25,2,3510,0.067169966629945,0.13038795247532842,0.010154588104523677,0.8384541281293287
diamond_3.67gcc_3000,0.5,0,7020,0.067169966629945,0.11847177209441372,0.004999999999999999,0.9281161414026143
diamond_3.67gcc_3000,0.5,1,7020,0.067169966629945,0.11883356611970952,0.004999999999999999,0.925043027788659
diamond_3.67gcc_3000,0.5,2,7020,0.067169966629945,0.11860705130980614,0.004999999999999999,0.9239702860674557
diamond_3.67gcc_3000,0.75,0,10530,0.05968883208572181,0.13709503731220557,0.004999999999999999,0.9186083785079432
diamond_3.67gcc_3000,0.75,1,10530,0.05968883208572181,0.1367990848799109,0.004999999999999999,0.9174732097605967
diamond_3.67gcc_3000,0.75,2,10530,0.05968883208572181,0.1368285439586461,0.004999999999999999,0.9144436156487408
diamond_3.68gcc_300,1.0,0,5400,0.03307370320615074,0.10668914511047319,0.047133422755894265,0.0586525303418907
diamond_3.68gcc_300,0.25,0,1350,0.03307370320615074,0.12186053722750818,0.004999999999999999,0.8569047707360206
diamond_3.68gcc_300,0.25,1,1350,0.03721901506625844,0.10538951503107005,0.004999999999999999,0.8504091320125222
diamond_3.68gcc_300,0.25,2,1350,0.03721901506625844,0.10405388021395898,0.004999999999999999,0.8650919509111534
diamond_3.68gcc_300,0.5,0,2700,0.03307370320615074,0.11744740951063695,0.05304091775697241,0.05246994735043966
diamond_3.68gcc_300,0.5,1,2700,0.03307370320615074,0.11659743142483465,0.05304091775697241,0.05238290223522023
diamond_3.68gcc_300,0.5,2,2700,0.03307370320615074,0.1146274736243733,0.047133422755894265,0.0629946982460765
diamond_3.68gcc_300,0.75,0,4050,0.03307370320615074,0.11004160970556505,0.047133422755894265,0.06046270850165879
diamond_3.68gcc_300,0.75,1,4050,0.03307370320615074,0.10872817764745409,0.047133422755894265,0.05960330510589476
diamond_3.68gcc_300,0.75,2,4050,0.03307370320615074,0.11024913709982458,0.047133422755894265,0.06056894784741205
graphite_0.0gcc_CC,1.0,0,3072,0.026116725371334214,0.303459576682881,0.018326206185398135,0.3240411365282397
graphite_0.0gcc_CC,0.25,0,768,0.026116725371334214,0.3671338511715289,0.018326206185398135,0.3916288503335619
graphite_0.0gcc_CC,0.25,1,768,0.026116725371334214,0.3654995012718025,0.016285103278298914,0.39679927948487914
graphite_0.0gcc_CC,0.25,2,768,0.026116725371334214,0.3654001797175968,0.018326206185398135,0.389893521119615
graphite_0.0gcc_CC,0.5,0,1536,0.026116725371334214,0.3307676441377455,0.018326206185398135,0.3536539334867842
graphite_0.0gcc_CC,0.5,1,1536,0.026116725371334214,0.32959454665607346,0.018326206185398135,0.35273185580888977
graphite_0.0gcc_CC,0.5,2,1536,0.026116725371334214,0.33160147051397704,0.018326206185398135,0.3545446582914495
graphite_0.0gcc_CC,0.75,0,2304,0.026116725371334214,0.3146845975361794,0.018326206185398135,0.33614082959972763
graphite_0.0gcc_CC,0.75,1,2304,0.026116725371334214,0.3149268541158919,0.018326206185398135,0.3362299747893581
graphite_0.0gcc_CC,0.75,2,2304,0.026116725371334214,0.31482620826433083,0.018326206185398135,0.33607877033833056
graphite_2.39gcc_300,1.0,0,9600,0.03721901506625844,0.125779796988195,0.005626677913003822,0.9412094200831407
graphite_2.39gcc_300,0.25,0,2400,0.04188388200341457,0.12289998534919697,0.006331900867337016,0.963894206264504
graphite_2.39gcc_300,0.25,1,2400,0.04188388200341457,0.12079139415267118,0.006331900867337016,0.965483898179762
graphite_2.39gcc_300,0.25,2,2400,0.04188388200341457,0.1215482126516218,0.006331900867337016,0.9626640737498299
graphite_2.39gcc_300,0.5,0,4800,0.03721901506625844,0.1361062680235703,0.005626677913003822,0.9609627176188187
graphite_2.39gcc_300,0.5,1,4800,0.03721901506625844,0.13604180139700586,0.005626677913003822,0.9566867359268336
graphite_2.39gcc_300,0.5,2,4800,0.03721901506625844,0.13714153804391055,0.005626677913003822,0.958247590817463
graphite_2.39gcc_300,0.75,0,7200,0.03721901506625844,0.13002490769576788,0.005626677913003822,0.9494873425034988
graphite_2.39gcc_300,0.75,1,7200,0.03721901506625844,0.12973409842216427,0.005626677913003822,0.9498290024676265
graphite_2.39gcc_300,0.75,2,7200,0.03721901506625844,0.12999940866228168,0.005626677913003822,0.9490375866619974
graphite_2.56gcc_1500,1.0,0,9600,0.05968883208572181,0.1210815207937991,0.005626677913003822,0.9771868287021862
graphite_2.56gcc_1500,0.25,0,2400,0.067169966629945,0.11705542493540101,0.010154588104523677,0.9721396505592176
graphite_2.56gcc_1500,0.25,1,2400,0.067169966629945,0.1143128159733502,0.004999999999999999,0.9801204593696188
graphite_2.56gcc_1500,0.25,2,2400,0.067169966629945,0.11663760284582249,0.010154588104523677,0.9772220650553889
graphite_2.56gcc_1500,0.5,0,4800,0.05968883208572181,0.1291925401219414,0.010154588104523677,0.9733527959401365
graphite_2.56gcc_1500,0.5,1,4800,0.05968883208572181,0.13068612763463786,0.010154588104523677,0.9727056983116074
graphite_2.56gcc_1500,0.5,2,4800,0.067169966629945,0.10601377213491053,0.010154588104523677,0.9699704264314982
graphite_2.56gcc_1500,0.75,0,7200,0.05968883208572181,0.12543538984811856,0.00902360883413585,0.9759736353307014
graphite_2.56gcc_1500,0.75,1,7200,0.05968883208572181,0.12504821507435943,0.00902360883413585,0.9744294678190621
graphite_2.56gcc_1500,0.75,2,7200,0.05968883208572181,0.12534724456163748,0.00902360883413585,0.9749499453756009
graphite_2.67gcc_3000,1.0,0,24960,0.0755887535307831,0.12016666467230908,0.004999999999999999,0.9712037740115461
graphite_2.67gcc_3000,0.25,0,6240,0.08506271399262945,0.11341502552059052,0.01285956904529672,0.9708103412056366
graphite_2.67gcc_3000,0.25,1,6240,0.08506271399262945,0.11469657273727231,0.01285956904529672,0.9669667720583153
graphite_2.67gcc_3000,0.25,2,6240,0.08506271399262945,0.1131736432150201,0.01285956904529672,0.9687798692701508
graphite_2.67gcc_3000,0.5,0,12480,0.0755887535307831,0.12889529842762518,0.004999999999999999,0.973431434478288
graphite_2.67gcc_3000,0.5,1,12480,0.0755887535307831,0.1289146666772852,0.004999999999999999,0.9731501817327339
graphite_2.67gcc_3000,0.5,2,12480,0.0755887535307831,0.1297975454618041,0.004999999999999999,0.972921436294987
graphite_2.67gcc_3000,0.75,0,18720,0.0755887535307831,0.12355820536903918,0.004999999999999999,0.971022811709931
graphite_2.67gcc_3000,0.75,1,18720,0.0755887535307831,0.12372896293669511,0.004999999999999999,0.9718582528236072
graphite_2.67gcc_3000,0.75,2,18720,0.0755887535307831,0.12366779510535357,0.004999999999999999,0.9716713766467664
