group,rate,n_strat,n_global,rel_improvement,ci_lo,ci_hi
Full,0.05,8,8,0.04157820682991331,0.012807709616813101,0.06379702412140309
Full,0.1,10,10,0.028538122300579283,0.01517248324565279,0.04230657427192874
Full,0.2,10,9,0.029974750958261964,0.015345250214128137,0.04515616387681076
HD liquid_2.0gcc_6000,0.05,8,8,-0.02419517041762198,-0.044637879275244874,-0.003871034373363056
HD liquid_2.0gcc_6000,0.1,10,10,-0.027958931610711835,-0.04110703121702097,-0.01814708867777437
HD liquid_2.0gcc_6000,0.2,10,9,-0.025476119948682152,-0.03876518969052589,-0.005939357893133046
HD liquid_2.0gcc_7000,0.05,8,8,-0.030193221789264424,-0.0510108880293767,-0.009370618405590836
HD liquid_2.0gcc_7000,0.1,10,10,-0.03221080056928516,-0.04982099551969621,-0.021945648457040612
HD liquid_2.0gcc_7000,0.2,10,9,-0.02565900079466954,-0.03945634372571294,-0.006179445873610634
HD liquid_2.5gcc_6000,0.05,8,8,-0.014797531209345793,-0.03164280638720984,-0.0007455866682262169
HD liquid_2.5gcc_6000,0.1,10,10,-0.02545810717585084,-0.03380624004261427,-0.015376050843623146
HD liquid_2.5gcc_6000,0.2,10,9,-0.022311936649162645,-0.03704041565256544,-0.01190779154721433
HD liquid_3.0gcc_8000,0.05,8,8,-0.01161799851695422,-0.03199106607284974,0.007851724416791606
HD liquid_3.0gcc_8000,0.1,10,10,-0.0192111934303012,-0.03325589931796415,-0.009869366165312865
HD liquid_3.0gcc_8000,0.2,10,9,-0.020320057228526034,-0.03432605979072467,-0.0035760234593080753
HD liquid_3.6gcc_6000,0.05,8,8,-0.0037591017063005605,-0.021475944636344835,0.024028827639806124
HD liquid_3.6gcc_6000,0.1,10,10,-0.008976059886837584,-0.01750184635804697,0.005876388051318404
HD liquid_3.6gcc_6000,0.2,10,9,-0.0065769393003676235,-0.02152262160053864,0.008683021878102881
LD liquid_0.5gcc_1000,0.05,8,8,0.062088161192282776,-0.020406546641540006,0.10541524020349935
LD liquid_0.5gcc_1000,0.1,10,10,0.07265687530814402,0.03889704362849156,0.09508305966245789
LD liquid_0.5gcc_1000,0.2,10,9,0.06103801617325455,0.018578288409141996,0.09547868671117932
LD liquid_1.0gcc_2000,0.05,8,8,0.017155684185737763,-0.02777072485961285,0.037846171543997165
LD liquid_1.0gcc_2000,0.1,10,10,0.008899053179979854,-0.02166128579810156,0.025875364096291712
LD liquid_1.0gcc_2000,0.2,10,9,0.004296795456757763,-0.009864048519234059,0.03096035123348928
diamond_0.0gcc_CC,0.05,8,8,0.6671451572791951,0.6061459627851302,0.7561768179942983
diamond_0.0gcc_CC,0.1,10,10,0.6948231766195456,0.6355495802139801,0.7440984678051804
diamond_0.0gcc_CC,0.2,10,9,0.6787084311595477,0.6171848561928142,0.7314082944150337
diamond_3.67gcc_3000,0.05,8,8,0.25230559820011655,0.18688867043861312,0.2816472998411865
diamond_3.67gcc_3000,0.1,10,10,0.22809832643607064,0.20271010749535182,0.25007488553573154
diamond_3.67gcc_3000,0.2,10,9,0.21469177479226254,0.19900709065139877,0.24071393750067016
diamond_3.68gcc_300,0.05,8,8,0.3572092027792183,0.26505082692900683,0.42492297094128606
diamond_3.68gcc_300,0.1,10,10,0.3585731936796218,0.30582141292214915,0.39135608387168686
diamond_3.68gcc_300,0.2,10,9,0.32013199752794397,0.2951600684784462,0.36536759451863043
graphite_0.0gcc_CC,0.05,8,8,0.03196582093401057,-0.01240988516495034,0.06516068774733552
graphite_0.0gcc_CC,0.1,10,10,-0.02349509605083444,-0.047041544309348815,0.004408418578550788
graphite_0.0gcc_CC,0.2,10,9,-0.030781662761880435,-0.07799790181218591,0.01588849715202878
graphite_2.39gcc_300,0.05,8,8,0.2774040566288264,0.24312344308093237,0.31450892245503714
graphite_2.39gcc_300,0.1,10,10,0.273039050487627,0.2260320095729058,0.29698271991639436
graphite_2.39gcc_300,0.2,10,9,0.2609010438097522,0.2288973511871134,0.2897673860255785
graphite_2.56gcc_1500,0.05,8,8,0.27454828853038804,0.23572882819486884,0.3167389045554867
graphite_2.56gcc_1500,0.1,10,10,0.25596163159034,0.23772240960419455,0.29394277449798367
graphite_2.56gcc_1500,0.2,10,9,0.28336406932018654,0.2514316171330001,0.3053722148169292
graphite_2.67gcc_3000,0.05,8,8,0.19481489625070492,0.15307046362393673,0.22263773923717456
graphite_2.67gcc_3000,0.1,10,10,0.17573903623907083,0.15481909733201882,0.19408825569236665
graphite_2.67gcc_3000,0.2,10,9,0.17826545873357003,0.16039842690738038,0.20335918973333444
