scope,n,knee_fraction,knee_radius,r_at_1pct,r_at_5pct,r_at_20pct
HD liquid_2.0gcc_6000,5576,0.4994619799139168,0.08455869669794976,0.2284164865746589,0.1553570983836544,0.11017642005609436
HD liquid_2.0gcc_7000,1600,0.44125,0.10166691034840214,0.2776015252327037,0.17176815526697128,0.12632808876390947
HD liquid_2.5gcc_6000,5000,0.504,0.07967666851555294,0.19709937010905867,0.13647089698942283,0.10056460256138876
HD liquid_3.0gcc_8000,29664,0.6609695253505933,0.06471522819629122,0.17083704254341464,0.12104254839910311,0.09105627110109406
HD liquid_3.6gcc_6000,14312,0.6805477920626049,0.06133714354469611,0.17923580284770377,0.12270149319835301,0.09086492939680914
LD liquid_0.5gcc_1000,5376,0.29836309523809523,0.05622447812392408,0.1963473560828428,0.10803270932536908,0.06665173204350668
LD liquid_1.0gcc_2000,5440,0.0009191176470588235,0.5696001176051758,0.19956670555130085,0.12280152094641553,0.08370143336227531
diamond_0.0gcc_CC,1080,0.032407407407407406,0.012732817197661424,0.033588639691249686,0.00565226411269054,0.0006905339660024879
diamond_3.67gcc_3000,14040,0.4017094017094017,0.03909910394368672,0.08298770436593444,0.06214038386692591,0.04754164626811752
diamond_3.68gcc_300,5400,0.35444444444444445,0.016179728052520402,0.05291941638120127,0.03349623610574706,0.021024463028916977
graphite_0.0gcc_CC,3072,0.007161458333333333,0.0009765625,0.0008457279333832408,0.00048828125,0.0
graphite_2.39gcc_300,9600,0.3464583333333333,0.019683246455807005,0.04251973759711069,0.031165963666470602,0.023073549513106757
graphite_2.56gcc_1500,9600,0.36270833333333335,0.03876227399802606,0.07981270322721531,0.05890623057236086,0.04486876956117243
graphite_2.67gcc_3000,24960,0.4210336538461538,0.04684447248129475,0.10194910268047246,0.07417697734813586,0.05586927632963985
