scope,elbow_h,elbow_f,paper_f,r_at_elbow_f,r/h,radius_knee_f,radius_knee_r
HD liquid_2.0gcc_6000,0.0905154236698192,0.3649352578488597,0.265,0.09364580913063071,1.0345840005370852,0.4994619799139168,0.0845586966979497
HD liquid_2.0gcc_7000,0.1055386379078466,0.3355321598622728,0.48,0.11058793753141222,1.0478431380550366,0.44125,0.1016669103484021
HD liquid_2.5gcc_6000,0.0811658744916733,0.3382863878964732,0.36,0.08892796800536051,1.0956324756222953,0.504,0.0796766685155529
HD liquid_3.0gcc_8000,0.0756885219415216,0.3473863476319511,0.205,0.08016298111701692,1.0591167466442581,0.6609695253505933,0.0647152281962912
HD liquid_3.6gcc_6000,0.0736251212487327,0.3383324119637468,0.47,0.07957427081748976,1.0808032566582626,0.6805477920626049,0.0613371435446961
LD liquid_0.5gcc_1000,0.127576966614563,0.2666184478233805,0.375,0.05949278421894465,0.46632856853137866,0.2983630952380952,0.056224478123924
LD liquid_1.0gcc_2000,0.0543227826545548,0.5167546093891395,0.55,0.06157858307480049,1.1335682758813408,0.0009191176470588,0.5696001176051758
diamond_0.0gcc_CC,0.0282848707845387,0.1250664242897107,0.27,0.0006905339660024,0.024413545010071785,0.0324074074074074,0.0127328171976614
diamond_3.67gcc_3000,0.0338776792785778,0.2974684162996922,0.315,0.042997896210591954,1.2692102034799422,0.4017094017094017,0.0390991039436867
diamond_3.68gcc_300,0.0162358054621157,0.2994054947338088,0.285,0.017625558352669404,1.0855980255366158,0.3544444444444444,0.0161797280525204
graphite_0.0gcc_CC,0.1070073195600057,0.1108196566306095,0.17,0.0,0.0,0.0071614583333333,0.0009765625
graphite_2.39gcc_300,0.0195359240857306,0.3293743489623034,0.35,0.020028212660485153,1.025199144539783,0.3464583333333333,0.019683246455807
graphite_2.56gcc_1500,0.0319329048656303,0.3362579490352468,0.3,0.03962027600391924,1.240735102886394,0.3627083333333333,0.038762273998026
graphite_2.67gcc_3000,0.0393491473469526,0.3383068018435602,0.285,0.04966263878802605,1.2621020310843452,0.4210336538461538,0.0468444724812947
