group,frames_total,frames_train,frames_test,atoms_train,atoms_test,elements
BCC_alloys,619,495,124,26730,6696,MoNbTaVW
BCC_distorted,250,200,50,400,100,MoNbTaVW
HEA_interstitial,70,56,14,7336,1839,MoNbTaVW
HEA_short_range,100,80,20,4400,1100,MoNbTaVW
HEA_small,100,80,20,4320,1080,MoNbTaVW
HEA_surface,24,19,5,2557,683,MoNbTaVW
HEA_vacancies,45,36,9,4492,1129,MoNbTaVW
binary_BCC_alloys,300,240,60,12960,3240,MoNbTaVW
divacancy,25,20,5,2360,590,MoNbTaVW
double_self_interstitial_defect,25,20,5,3090,610,MoNbTaVW
gamma_surface,50,40,10,480,120,MoNbTaVW
liquid,180,144,36,18432,4608,MoNbTaVW
ordered_alloys,165,132,33,2112,528,MoNbTaVW
phonon,25,20,5,1080,270,MoNbTaVW
self_intersitial_defect,25,20,5,2420,605,MoNbTaVW
short_range,50,40,10,2165,538,MoNbTaVW
suface_liquid,25,20,5,2752,688,MoNbTaVW
tri_vacancy,25,20,5,2340,585,MoNbTaVW
vacancy,25,20,5,1060,265,MoNbTaVW
